City_ID,City,Country,Date,Lat,Lng,Max Temp,Humidity,Cloudiness,Wind Speed
0,Khandyga,RU,2022-07-20 19:43:57,62.6667,135.6,67.93,79,0,2.13
1,Balod,IN,2022-07-20 19:43:57,20.73,81.2047,75.54,91,100,6.29
2,Vestmannaeyjar,IS,2022-07-20 19:43:58,63.4427,-20.2734,54.59,87,20,16.11
3,Jamestown,US,2022-07-20 19:43:58,42.097,-79.2353,88.02,51,40,17.27
4,Vila,PT,2022-07-20 19:43:58,42.0304,-8.1588,68.88,49,0,2.77
5,Saldanha,ZA,2022-07-20 19:43:59,-33.0117,17.9442,46.45,62,0,12.68
6,Camana,PE,2022-07-20 19:43:59,-16.6228,-72.7111,64.15,74,59,6.78
7,Kismayo,SO,2022-07-20 19:41:41,-0.3582,42.5454,75.15,79,94,16.37
8,Hilo,US,2022-07-20 19:43:59,19.7297,-155.09,81.28,94,100,5.75
9,Dolores,AR,2022-07-20 19:44:00,-36.3132,-57.6792,61.77,54,6,9.75
10,Rikitea,PF,2022-07-20 19:44:00,-23.1203,-134.9692,73.36,75,0,2.04
11,Puerto Ayora,EC,2022-07-20 19:44:00,-0.7393,-90.3518,76.96,96,88,8.01
12,Milkovo,RU,2022-07-20 19:44:01,54.7167,158.6167,67.39,68,1,3.49
13,Punta Arenas,CL,2022-07-20 19:41:32,-53.15,-70.9167,35.71,75,75,24.16
14,Valko,HU,2022-07-20 19:44:01,47.5639,19.5127,81.14,30,0,0.83
15,Ushuaia,AR,2022-07-20 19:40:22,-54.8,-68.3,33.42,93,100,18.41
16,Sioux Lookout,CA,2022-07-20 19:44:02,50.1001,-91.917,75.27,69,75,12.66
17,Maba,CN,2022-07-20 19:44:02,24.6841,113.5984,76.69,92,96,2.55
18,Khatanga,RU,2022-07-20 19:44:02,71.9667,102.5,45.64,65,100,21.32
19,New Norfolk,AU,2022-07-20 19:39:57,-42.7826,147.0587,33.71,89,5,2.33
20,At-Bashi,KG,2022-07-20 19:44:03,41.1702,75.8106,58.8,33,0,5.53
21,Airai,TL,2022-07-20 19:44:03,-8.9266,125.4092,56.7,94,84,3.53
22,Hasaki,JP,2022-07-20 19:44:04,35.7333,140.8333,75.6,84,99,8.41
23,Laguna,US,2022-07-20 19:44:04,38.421,-121.4238,100.02,30,0,5.75
24,Kapaa,US,2022-07-20 19:44:04,22.0752,-159.319,82.38,76,20,12.66
25,Owando,CG,2022-07-20 19:44:05,-0.4819,15.8999,77.34,69,86,2.82
26,Pangai,TO,2022-07-20 19:43:02,-19.8,-174.35,75.31,100,40,16.11
27,Bredasdorp,ZA,2022-07-20 19:44:05,-34.5322,20.0403,46.6,86,1,5.19
28,Codrington,AU,2022-07-20 19:44:06,-38.2667,141.9667,37.89,85,0,8.81
29,Albany,US,2022-07-20 19:44:06,42.6001,-73.9662,96.78,43,46,1.99
30,Barrow,US,2022-07-20 19:44:06,71.2906,-156.7887,51.82,62,0,4.61
31,Bethel,US,2022-07-20 19:41:00,41.3712,-73.414,98.19,50,40,6.91
32,Shambu,ET,2022-07-20 19:44:07,9.5667,37.1,50.38,99,100,1.41
33,Chuy,UY,2022-07-20 19:44:07,-33.6971,-53.4616,59.27,88,0,7.58
34,Haines Junction,CA,2022-07-20 19:44:07,60.7522,-137.5108,55.22,55,100,7.25
35,Rapid Valley,US,2022-07-20 19:44:08,44.0625,-103.1463,98.76,19,0,8.01
36,Tasiilaq,GL,2022-07-20 19:44:08,65.6145,-37.6368,42.96,81,43,0.63
37,Bluff,NZ,2022-07-20 19:44:08,-46.6,168.3333,39.79,65,100,7.16
38,Butaritari,KI,2022-07-20 19:44:09,3.0707,172.7902,81.28,79,45,9.66
39,Fare,PF,2022-07-20 19:44:09,-16.7,-151.0167,77.5,68,0,9.1
40,Bambous Virieux,MU,2022-07-20 19:44:09,-20.3428,57.7575,71.85,60,40,18.41
41,Benito Juarez,MX,2022-07-20 19:44:10,19.385,-99.165,78.62,31,75,11.5
42,Victoria,HK,2022-07-20 19:41:40,22.2855,114.1577,86.38,85,19,5.99
43,Celestun,MX,2022-07-20 19:45:10,20.8667,-90.4,88.83,61,6,18.41
44,Kavieng,PG,2022-07-20 19:45:10,-2.5744,150.7967,81.14,79,87,10.65
45,Pevek,RU,2022-07-20 19:45:11,69.7008,170.3133,31.51,92,98,13.96
46,Narsaq,GL,2022-07-20 19:45:11,60.9167,-46.05,57.42,83,91,2.91
47,Georgetown,MY,2022-07-20 19:45:11,5.4112,100.3354,80.89,91,20,0.0
48,Bonavista,CA,2022-07-20 19:45:12,48.6499,-53.1147,63.41,83,100,21.56
49,Nueva Concepcion,GT,2022-07-20 19:45:12,14.2,-91.3,87.84,66,92,5.99
50,Perg,AT,2022-07-20 19:45:12,48.25,14.6333,81.09,48,9,6.51
51,Saskylakh,RU,2022-07-20 19:45:13,71.9167,114.0833,38.19,85,60,12.64
52,Talnakh,RU,2022-07-20 19:45:13,69.4865,88.3972,52.21,69,100,4.56
53,Nikolskoye,RU,2022-07-20 19:45:13,59.7035,30.7861,70.88,62,100,10.38
54,Port Elizabeth,ZA,2022-07-20 19:43:55,-33.918,25.5701,57.09,95,100,3.44
55,Singaraja,ID,2022-07-20 19:45:14,-8.112,115.0882,75.65,80,7,5.68
56,Monrovia,LR,2022-07-20 19:45:14,6.3005,-10.7969,78.57,80,100,13.06
57,Atuona,PF,2022-07-20 19:45:14,-9.8,-139.0333,77.81,74,4,15.75
58,Hobart,AU,2022-07-20 19:40:17,-42.8794,147.3294,34.05,94,1,3.44
59,Vaini,TO,2022-07-20 19:45:15,-21.2,-175.2,73.56,88,40,5.75
60,Sjovegan,NO,2022-07-20 19:45:15,68.8726,17.8474,65.14,78,84,5.44
61,Sabang,ID,2022-07-20 19:45:16,5.8933,95.3214,82.74,76,100,24.0
62,Hermanus,ZA,2022-07-20 19:45:16,-34.4187,19.2345,42.8,68,1,4.41
63,Mataura,NZ,2022-07-20 19:45:16,-46.1927,168.8643,39.47,92,100,1.95
64,San Quintin,MX,2022-07-20 19:45:17,30.4833,-115.95,76.64,61,78,13.27
65,Faanui,PF,2022-07-20 19:45:17,-16.4833,-151.75,77.76,66,0,10.36
66,Cape Town,ZA,2022-07-20 19:40:48,-33.9258,18.4232,53.11,63,0,6.91
67,Clinton,US,2022-07-20 19:45:13,42.587,-82.9199,89.82,73,12,3.0
68,Pleshanovo,RU,2022-07-20 19:45:17,52.8333,53.4833,63.81,60,69,4.74
69,Cidreira,BR,2022-07-20 19:45:18,-30.1811,-50.2056,62.29,88,0,14.74
70,Esperance,AU,2022-07-20 19:45:18,-33.8667,121.9,61.63,51,100,17.31
71,Chokurdakh,RU,2022-07-20 19:45:19,70.6333,147.9167,42.4,74,83,8.88
72,Hobyo,SO,2022-07-20 19:45:19,5.3505,48.5268,75.67,80,15,25.93
73,Rivadavia,AR,2022-07-20 19:41:18,-33.1905,-68.4608,63.93,22,0,6.42
74,Kodiak,US,2022-07-20 19:45:19,57.79,-152.4072,54.91,76,100,4.61
75,Paita,PE,2022-07-20 19:45:20,-5.0892,-81.1144,69.1,69,30,16.35
76,Takoradi,GH,2022-07-20 19:44:36,4.8845,-1.7554,74.03,71,61,8.16
77,Qaanaaq,GL,2022-07-20 19:45:20,77.484,-69.3632,41.13,81,100,4.34
78,Najran,SA,2022-07-20 19:45:20,17.4924,44.1277,92.05,38,100,8.7
79,Yellowknife,CA,2022-07-20 19:45:21,62.456,-114.3525,64.92,55,75,13.8
80,Flora,US,2022-07-20 19:41:33,38.6689,-88.4856,93.9,52,0,6.91
81,Half Moon Bay,US,2022-07-20 19:45:21,37.4636,-122.4286,83.05,69,40,17.27
82,Nanortalik,GL,2022-07-20 19:45:22,60.1432,-45.2371,52.07,80,15,13.82
83,Hailar,CN,2022-07-20 19:45:22,49.2,119.7,64.13,69,12,2.8
84,Tautira,PF,2022-07-20 19:45:22,-17.7333,-149.15,76.05,74,0,10.65
85,Thompson,CA,2022-07-20 19:45:23,55.7435,-97.8558,71.76,60,40,12.66
86,Lucea,JM,2022-07-20 19:45:23,18.451,-78.1736,85.86,74,78,6.38
87,Amursk,RU,2022-07-20 19:45:23,50.2261,136.8994,61.2,90,100,10.67
88,Upernavik,GL,2022-07-20 19:45:24,72.7868,-56.1549,48.2,70,73,9.91
89,Sisimiut,GL,2022-07-20 19:43:58,66.9395,-53.6735,52.2,70,100,2.84
90,Kudahuvadhoo,MV,2022-07-20 19:44:06,2.6708,72.8944,80.24,74,100,15.32
91,Salym,RU,2022-07-20 19:46:24,60.0625,71.4789,58.64,87,90,4.18
92,Warin Chamrap,TH,2022-07-20 19:46:24,15.1932,104.8628,76.82,100,100,3.44
93,East London,ZA,2022-07-20 19:46:25,-33.0153,27.9116,62.58,82,93,4.83
94,Port Alfred,ZA,2022-07-20 19:46:25,-33.5906,26.891,56.17,97,100,1.01
95,Abalak,RU,2022-07-20 19:46:26,58.1286,68.5944,60.12,93,100,1.34
96,Izhma,RU,2022-07-20 19:46:26,65.0083,53.9113,62.6,68,26,5.53
97,Torbay,CA,2022-07-20 19:45:44,47.6666,-52.7314,69.28,77,75,19.57
98,Kondopoga,RU,2022-07-20 19:46:26,62.2057,34.2614,67.69,75,0,9.06
99,Lavrentiya,RU,2022-07-20 19:46:27,65.5833,-171.0,40.08,96,100,15.05
100,Vardo,NO,2022-07-20 19:44:08,70.3705,31.1107,53.58,94,100,0.0
101,Rehoboth,NA,2022-07-20 19:46:27,-23.3167,17.0833,53.17,35,0,1.79
102,Castro,BR,2022-07-20 19:46:27,-24.7911,-50.0119,67.8,73,3,3.87
103,Mangrol,IN,2022-07-20 19:46:28,21.1167,70.1167,80.46,85,64,17.6
104,Busselton,AU,2022-07-20 19:46:28,-33.65,115.3333,55.51,95,100,15.79
105,Ambon,ID,2022-07-20 19:46:28,-3.6954,128.1814,77.23,15,30,11.88
106,Torrington,US,2022-07-20 19:45:07,41.8007,-73.1212,96.69,46,2,1.01
107,Tuktoyaktuk,CA,2022-07-20 19:46:29,69.4541,-133.0374,55.4,82,100,12.66
108,Ligatne,LV,2022-07-20 19:46:29,57.2343,25.0406,61.25,87,44,4.68
109,Baymak,RU,2022-07-20 19:46:30,52.5933,58.3225,52.93,82,0,5.82
110,Lorengau,PG,2022-07-20 19:46:30,-2.0226,147.2712,79.2,80,97,3.71
111,Necochea,AR,2022-07-20 19:46:30,-38.5473,-58.7368,60.96,54,6,18.79
112,Kuytun,RU,2022-07-20 19:44:01,54.3419,101.5036,51.98,89,72,0.29
113,Husavik,IS,2022-07-20 19:46:31,66.0449,-17.3389,46.04,87,100,7.0
114,Derzhavinsk,KZ,2022-07-20 19:46:31,51.1,66.3167,72.21,55,100,7.09
115,Lixourion,GR,2022-07-20 19:46:31,38.2019,20.4314,80.6,57,0,10.36
116,Hithadhoo,MV,2022-07-20 19:46:32,-0.6,73.0833,80.64,69,100,1.43
117,Giyani,ZA,2022-07-20 19:46:32,-23.3025,30.7187,62.56,74,73,2.44
118,Altay,CN,2022-07-20 19:46:33,47.8667,88.1167,56.23,55,86,5.44
119,Carauari,BR,2022-07-20 19:46:33,-4.8828,-66.8958,84.72,57,97,0.94
120,Portland,US,2022-07-20 19:45:20,45.5234,-122.6762,89.42,48,0,5.99
121,Dunedin,NZ,2022-07-20 19:46:33,-45.8742,170.5036,42.8,80,100,18.99
122,College,US,2022-07-20 19:46:34,64.8569,-147.8028,63.07,67,75,5.75
123,Alofi,NU,2022-07-20 19:46:34,-19.0595,-169.9187,73.29,83,3,8.05
124,Domoni,KM,2022-07-20 19:46:34,-12.2569,44.5319,73.92,74,0,4.74
125,Trojes,AL,2022-07-20 19:46:35,41.756,19.962,77.56,42,0,6.89
126,Margate,GB,2022-07-20 19:46:35,51.3813,1.3862,73.87,69,31,4.0
127,Yefremov,RU,2022-07-20 19:46:36,53.1481,38.0992,53.96,95,69,8.55
128,Port-Cartier,CA,2022-07-20 19:46:36,50.0334,-66.8654,77.76,41,16,13.94
129,Dinard,FR,2022-07-20 19:46:36,48.6314,-2.0614,65.62,80,100,13.8
130,Port Augusta,AU,2022-07-20 19:46:37,-32.5,137.7667,40.71,86,0,5.41
131,Provideniya,RU,2022-07-20 19:47:37,64.3833,-173.3,44.19,70,99,17.56
132,La Rioja,ES,2022-07-20 19:47:37,42.25,-2.5,69.58,73,0,2.73
133,Saint-Francois,FR,2022-07-20 19:47:38,46.4154,3.9054,69.24,68,0,5.75
134,Rio Gallegos,AR,2022-07-20 19:47:38,-51.6226,-69.2181,37.45,56,0,32.21
135,Yumen,CN,2022-07-20 19:47:38,40.2833,97.2,58.82,64,100,22.03
136,Archidona,ES,2022-07-20 19:47:39,37.0965,-4.3887,74.91,40,0,5.95
137,Slave Lake,CA,2022-07-20 19:45:44,55.2834,-114.769,71.58,43,20,12.66
138,Chongwe,ZM,2022-07-20 19:47:39,-15.3292,28.682,63.14,59,74,6.11
139,Santos Dumont,BR,2022-07-20 19:47:39,-21.4567,-43.5525,72.61,66,96,3.18
140,Bengkulu,ID,2022-07-20 19:47:40,-3.8004,102.2655,76.05,90,74,2.57
141,Vila Velha,BR,2022-07-20 19:44:15,-20.3297,-40.2925,76.95,77,0,11.5
142,Arraial Do Cabo,BR,2022-07-20 19:45:31,-22.9661,-42.0278,75.16,83,75,10.36
143,Chinhoyi,ZW,2022-07-20 19:47:40,-17.3667,30.2,61.9,59,99,4.56
144,Dikson,RU,2022-07-20 19:47:41,73.5069,80.5464,42.37,72,9,23.35
145,Clyde River,CA,2022-07-20 19:47:41,70.4692,-68.5914,39.43,100,100,8.05
146,Khor,RU,2022-07-20 19:47:41,47.8861,134.9464,61.14,97,70,5.57
147,Longyearbyen,SJ,2022-07-20 19:47:42,78.2186,15.6401,49.84,87,75,10.36
148,Klaksvik,FO,2022-07-20 19:47:42,62.2266,-6.589,50.92,91,98,18.54
149,Konstantinovka,RU,2022-07-20 19:47:42,49.6167,127.9833,63.43,93,3,3.31
150,San Luis,AR,2022-07-20 19:47:44,-33.295,-66.3356,66.33,29,0,12.55
151,Djibo,BF,2022-07-20 19:47:44,14.1022,-1.6306,86.14,53,79,13.13
152,Sikandra,IN,2022-07-20 19:47:44,26.3667,79.65,81.81,79,100,7.85
153,Ribeira Grande,PT,2022-07-20 19:47:45,38.5167,-28.7,75.6,78,20,9.22
154,Pochutla,MX,2022-07-20 19:47:45,15.7432,-96.4661,91.81,56,99,8.5
155,Ilulissat,GL,2022-07-20 19:47:45,69.2167,-51.1,60.82,39,75,14.97
156,Ponta Do Sol,PT,2022-07-20 19:44:07,32.6667,-17.1,75.7,79,4,5.95
157,Namibe,AO,2022-07-20 19:47:46,-15.1961,12.1522,61.88,86,1,5.61
158,Asau,RO,2022-07-20 19:44:11,46.4333,26.4,72.52,58,12,5.55
159,Te Anau,NZ,2022-07-20 19:47:46,-45.4167,167.7167,37.9,94,95,3.33
160,Parian,PH,2022-07-20 19:47:47,15.0659,120.7181,82.15,89,73,4.27
161,Alpena,US,2022-07-20 19:47:47,45.0617,-83.4327,79.18,88,100,11.5
162,Tiksi,RU,2022-07-20 19:47:47,71.6872,128.8694,37.45,92,91,16.4
163,Blagodatnoye,RU,2022-07-20 19:47:48,45.3997,42.5867,65.32,84,72,5.68
164,Sao Joao Da Barra,BR,2022-07-20 19:43:57,-21.6403,-41.0511,77.09,79,17,12.75
165,Los Llanos De Aridane,ES,2022-07-20 19:47:48,28.6585,-17.9182,69.55,83,20,16.11
166,Alugan,PH,2022-07-20 19:47:48,12.2188,125.4808,81.7,81,93,5.57
167,Caravelas,BR,2022-07-20 19:47:49,-17.7125,-39.2481,73.4,73,3,6.67
168,Mahebourg,MU,2022-07-20 19:47:49,-20.4081,57.7,71.89,60,40,18.41
169,Peleduy,RU,2022-07-20 19:47:49,59.6289,112.7406,60.66,95,100,9.22
170,Canutama,BR,2022-07-20 19:47:50,-6.5339,-64.3831,94.89,27,5,2.28
171,Pahrump,US,2022-07-20 19:47:50,36.2083,-115.9839,105.49,14,77,5.01
172,Auki,SB,2022-07-20 19:47:50,-8.7676,160.7034,75.9,88,100,4.05
173,Ayagoz,KZ,2022-07-20 19:47:50,47.9714,80.4392,65.93,33,10,8.88
174,Beloha,MG,2022-07-20 19:45:22,-25.1667,45.05,64.53,64,0,7.83
175,Luderitz,NA,2022-07-20 19:48:51,-26.6481,15.1594,57.4,59,3,18.5
176,Burnie,AU,2022-07-20 19:48:51,-41.0667,145.9167,43.95,82,76,7.85
177,Barcelos,PT,2022-07-20 19:45:37,41.5388,-8.6151,71.74,73,0,2.73
178,Norman Wells,CA,2022-07-20 19:48:52,65.282,-126.8329,71.64,37,75,2.3
179,Cizre,TR,2022-07-20 19:48:52,37.3272,42.1903,94.21,15,0,5.75
180,Juruti,BR,2022-07-20 19:48:52,-2.1522,-56.0922,89.67,51,57,4.72
181,Waipawa,NZ,2022-07-20 19:48:53,-41.4122,175.5153,42.87,91,100,16.84
182,Key West,US,2022-07-20 19:48:53,24.5557,-81.7826,91.4,73,20,14.97
183,Avarua,CK,2022-07-20 19:48:53,-21.2078,-159.775,73.45,73,40,16.11
184,Saint George,US,2022-07-20 19:45:41,37.1041,-113.5841,106.43,17,0,6.91
185,Cabo San Lucas,MX,2022-07-20 19:45:00,22.8909,-109.9124,96.62,62,79,9.1
186,Hinche,HT,2022-07-20 19:48:54,19.15,-72.0167,96.22,32,0,7.72
187,Puerto Colombia,CO,2022-07-20 19:48:54,10.9878,-74.9547,87.89,75,53,18.66
188,Cam Ranh,VN,2022-07-20 19:44:43,11.9214,109.1591,76.96,88,75,3.44
189,Hofn,IS,2022-07-20 19:47:36,64.2539,-15.2082,52.63,73,100,7.09
190,Plouzane,FR,2022-07-20 19:48:55,48.3833,-4.6167,62.92,82,100,9.22
191,Jacareacanga,BR,2022-07-20 19:48:55,-6.2222,-57.7528,95.23,29,28,4.32
192,Concepcion Del Oro,MX,2022-07-20 19:48:55,24.6333,-101.4167,83.46,22,26,6.4
193,Mitsamiouli,KM,2022-07-20 19:48:56,-11.3847,43.2844,75.92,68,0,11.43
194,Vila Franca Do Campo,PT,2022-07-20 19:48:56,37.7167,-25.4333,70.21,76,68,2.48
195,Koslan,RU,2022-07-20 19:48:56,63.4564,48.8989,58.05,94,12,4.0
196,Jishou,CN,2022-07-20 19:48:57,28.3167,109.7167,75.87,96,100,1.9
197,Dingle,PH,2022-07-20 19:48:57,10.9995,122.6711,76.75,88,68,2.37
198,Washougal,US,2022-07-20 19:48:57,45.5826,-122.3534,87.62,50,0,5.01
199,Lagoa,PT,2022-07-20 19:48:42,39.05,-27.9833,72.45,77,6,4.32
200,Nabire,ID,2022-07-20 19:48:58,-3.3667,135.4833,73.27,93,87,3.96
201,Carmarthen,GB,2022-07-20 19:48:58,51.8555,-4.3054,63.95,77,4,14.27
202,Faya,SA,2022-07-20 19:48:58,18.3851,42.4509,68.11,61,100,8.37
203,Ulladulla,AU,2022-07-20 19:48:59,-35.35,150.4667,53.91,81,100,5.5
204,Chernyshevskiy,RU,2022-07-20 19:48:59,63.0128,112.4714,51.55,95,100,2.84
205,Katsuura,JP,2022-07-20 19:48:55,35.1333,140.3,76.8,83,80,7.81
206,Camacupa,AO,2022-07-20 19:45:34,-12.0167,17.4833,63.12,35,8,1.99
207,Houma,US,2022-07-20 19:49:00,29.5958,-90.7195,96.01,68,75,8.05
208,Arman,RU,2022-07-20 19:49:00,59.7,150.1667,57.78,86,23,1.28
209,Yerbogachen,RU,2022-07-20 19:49:00,61.2767,108.0108,52.34,95,100,3.4
210,Peniche,PT,2022-07-20 19:49:01,39.3558,-9.3811,69.12,82,0,16.78
211,Bathsheba,BB,2022-07-20 19:49:01,13.2167,-59.5167,88.41,91,75,14.97
212,Enterprise,US,2022-07-20 19:49:01,36.0252,-115.2419,108.16,16,75,6.91
213,Kalmunai,LK,2022-07-20 19:46:45,7.4167,81.8167,80.08,83,98,4.94
214,West Bay,KY,2022-07-20 19:49:02,19.3667,-81.4167,88.0,78,20,6.91
215,Qaqortoq,GL,2022-07-20 19:49:02,60.7167,-46.0333,53.64,79,82,3.58
216,Port Blair,IN,2022-07-20 19:49:02,11.6667,92.75,78.84,94,100,3.44
217,Waingapu,ID,2022-07-20 19:49:03,-9.6567,120.2641,70.45,84,16,8.43
218,Marawi,PH,2022-07-20 19:49:03,7.9986,124.2928,69.89,94,49,3.65
219,Potosi,BO,2022-07-20 19:49:04,-19.5836,-65.7531,57.2,14,100,3.67
220,Svetlyy,RU,2022-07-20 19:49:04,54.675,20.1347,65.97,71,8,7.61
221,Lasa,IT,2022-07-20 19:50:05,46.6166,10.7002,72.48,85,55,3.33
222,Havre-Saint-Pierre,CA,2022-07-20 19:50:05,50.2334,-63.5986,75.56,57,100,16.11
223,Xam Nua,LA,2022-07-20 19:50:06,20.4197,104.0439,68.23,99,100,2.01
224,Paamiut,GL,2022-07-20 19:50:06,61.994,-49.6678,49.55,85,79,17.54
225,Rongcheng,CN,2022-07-20 19:50:06,30.634,117.8517,78.91,93,100,1.63
226,Tapiogyorgye,HU,2022-07-20 19:50:06,47.335,19.9528,84.15,29,0,2.13
227,Iranshahr,IR,2022-07-20 19:50:07,27.2025,60.6848,97.14,46,0,4.61
228,Chernaya Kholunitsa,RU,2022-07-20 19:50:07,58.8511,51.7154,51.78,96,46,2.57
229,Teguise,ES,2022-07-20 19:50:08,29.0605,-13.564,73.62,73,0,18.41
230,Quatre Cocos,MU,2022-07-20 19:50:08,-20.2078,57.7625,71.71,72,100,20.38
231,Marsaxlokk,MT,2022-07-20 19:50:08,35.8419,14.5431,82.08,69,0,2.3
232,Yamada,JP,2022-07-20 19:50:09,39.4667,141.95,67.95,95,91,3.83
233,Soyo,AO,2022-07-20 19:50:09,-6.1349,12.3689,71.13,86,76,9.95
234,Majene,ID,2022-07-20 19:50:09,-3.5403,118.9707,76.93,90,15,4.99
235,Zyryanka,RU,2022-07-20 19:50:10,65.75,150.85,45.99,69,100,8.9
236,Hami,CN,2022-07-20 19:50:10,42.8,93.45,64.4,60,6,2.17
237,Esna,EG,2022-07-20 19:50:10,25.2934,32.554,93.22,19,0,11.79
238,Namatanai,PG,2022-07-20 19:50:10,-3.6667,152.4333,77.85,81,92,6.89
239,Lebu,CL,2022-07-20 19:50:11,-37.6167,-73.65,53.58,95,100,11.21
240,Iqaluit,CA,2022-07-20 19:48:01,63.7506,-68.5145,47.93,87,75,4.61
241,Gravdal,NO,2022-07-20 19:50:11,68.1214,13.5031,55.29,94,40,14.97
242,Moose Factory,CA,2022-07-20 19:50:12,51.2585,-80.6094,71.6,68,75,13.8
243,Hede,CN,2022-07-20 19:50:12,33.7681,120.2517,70.54,96,79,6.76
244,Parana,AR,2022-07-20 19:50:12,-31.732,-60.5238,70.56,64,100,8.01
245,Adre,TD,2022-07-20 19:50:13,13.4667,22.2,73.72,69,100,8.68
246,Hervey Bay,AU,2022-07-20 19:50:13,-25.2986,152.8535,63.12,74,100,23.8
247,Grand Gaube,MU,2022-07-20 19:50:13,-20.0064,57.6608,72.0,63,96,7.0
248,Bay Roberts,CA,2022-07-20 19:50:14,47.5999,-53.2648,70.29,82,71,8.99
249,Mount Isa,AU,2022-07-20 19:50:14,-20.7333,139.5,51.57,40,0,0.0
250,Kenai,US,2022-07-20 19:46:20,60.5544,-151.2583,57.09,84,100,10.36
251,Manaure,CO,2022-07-20 19:50:14,11.7751,-72.4445,90.14,51,21,15.57
252,Tezu,IN,2022-07-20 19:50:15,27.9167,96.1667,76.05,98,100,2.17
253,Salinopolis,BR,2022-07-20 19:46:37,-0.6136,-47.3561,80.06,83,46,8.01
254,Greeley,US,2022-07-20 19:46:15,40.4233,-104.7091,96.35,28,17,1.01
255,Kaeo,NZ,2022-07-20 19:50:15,-35.1,173.7833,51.31,85,17,12.03
256,Dalmau,IN,2022-07-20 19:50:15,26.0667,81.0333,82.65,82,100,5.44
257,Mareeba,AU,2022-07-20 19:50:16,-17.0,145.4333,65.12,90,6,2.15
258,Xiongzhou,CN,2022-07-20 19:50:16,25.1167,114.3,76.5,93,100,3.74
259,Port Keats,AU,2022-07-20 19:50:16,-14.25,129.55,67.32,51,100,6.06
260,Laibin,CN,2022-07-20 19:50:17,23.7,109.2667,78.39,89,100,2.98
261,Saint-Augustin,CA,2022-07-20 19:50:17,51.226,-58.6502,56.43,89,100,14.56
262,Ketchikan,US,2022-07-20 19:50:17,55.3422,-131.6461,57.67,82,100,6.91
263,Severo-Kurilsk,RU,2022-07-20 19:45:32,50.6789,156.125,51.69,97,100,12.91
264,Guarabira,BR,2022-07-20 19:50:18,-6.8547,-35.49,73.96,89,83,8.66
265,Taicheng,CN,2022-07-20 19:50:18,38.731,113.228,62.98,69,30,2.68
266,Veinticinco De Mayo,AR,2022-07-20 19:48:17,-35.4323,-60.1727,67.98,44,46,7.0
267,Lompoc,US,2022-07-20 19:48:53,34.6391,-120.4579,93.69,66,0,11.5
268,Tessalit,ML,2022-07-20 19:50:18,20.1986,1.0114,75.18,72,98,14.88
269,Sitka,US,2022-07-20 19:50:19,57.0531,-135.33,53.49,82,100,11.5
270,Saint-Georges,GD,2022-07-20 19:51:19,12.0564,-61.7485,83.88,79,20,12.66
271,Pisco,PE,2022-07-20 19:49:38,-13.7,-76.2167,60.85,88,100,5.75
272,Korla,CN,2022-07-20 19:51:20,41.7597,86.1469,68.61,47,0,4.7
273,Manavalakurichi,IN,2022-07-20 19:51:20,8.1333,77.3,77.76,86,87,16.2
274,Sovetskiy,RU,2022-07-20 19:51:20,61.3614,63.5842,60.13,88,100,5.26
275,Nelson Bay,AU,2022-07-20 19:47:06,-32.7167,152.15,61.0,73,71,13.0
276,Sola,VU,2022-07-20 19:51:21,-13.8833,167.55,80.71,79,56,19.48
277,Touros,BR,2022-07-20 19:51:21,-5.1989,-35.4608,77.16,78,98,13.73
278,Wiset Chai Chan,TH,2022-07-20 19:51:21,14.5989,100.3617,77.25,89,100,7.02
279,Ukiah,US,2022-07-20 19:51:22,39.1502,-123.2078,101.44,21,0,1.01
280,Metro,ID,2022-07-20 19:48:17,-5.1131,105.3067,73.9,95,10,5.66
281,Atbasar,KZ,2022-07-20 19:51:22,51.8,68.3333,67.71,70,99,8.37
282,Taoudenni,ML,2022-07-20 19:51:23,22.6783,-3.9836,96.96,31,64,23.33
283,Pokhara,NP,2022-07-20 19:51:23,28.2333,83.9833,72.39,91,100,1.52
284,Alyangula,AU,2022-07-20 19:51:23,-13.8483,136.4192,67.71,82,13,9.66
285,Kurumkan,RU,2022-07-20 19:51:24,54.3,110.3,55.81,93,33,3.36
286,Lugo,ES,2022-07-20 19:51:24,43.0,-7.5,64.76,94,0,5.99
287,Gushikawa,JP,2022-07-20 19:51:24,26.3544,127.8686,83.43,87,97,12.08
288,Aguimes,ES,2022-07-20 19:51:25,27.9054,-15.4461,74.03,69,0,28.77
289,Yaan,NG,2022-07-20 19:51:25,7.3833,8.5667,74.35,85,100,3.74
290,Winnemucca,US,2022-07-20 19:51:25,40.973,-117.7357,91.45,16,0,0.0
291,Broome,US,2022-07-20 19:51:25,42.2506,-75.833,94.53,50,3,5.99
292,Nacogdoches,US,2022-07-20 19:51:26,31.6002,-94.6335,101.82,38,0,5.75
293,Mandalgovi,MN,2022-07-20 19:51:26,45.7625,106.2708,59.52,71,100,15.61
294,Yar-Sale,RU,2022-07-20 19:51:26,66.8333,70.8333,50.99,76,4,11.05
295,Isangel,VU,2022-07-20 19:51:27,-19.55,169.2667,76.17,88,99,9.44
296,Groa,NO,2022-07-20 19:51:27,62.65,8.7167,66.99,93,100,3.29
297,Constitucion,CL,2022-07-20 19:51:28,-35.3333,-72.4167,57.38,77,7,12.1
298,Saint-Philippe,RE,2022-07-20 19:51:23,-21.3585,55.7679,65.79,79,42,14.52
299,Santa Cruz,BO,2022-07-20 19:51:28,-17.8,-63.1667,87.85,37,7,18.41
300,San Lawrenz,MT,2022-07-20 19:51:28,36.0553,14.204,80.85,72,0,2.35
301,Lufilufi,WS,2022-07-20 19:51:29,-13.8745,-171.5986,79.65,78,24,23.55
302,Ventspils,LV,2022-07-20 19:51:29,57.3894,21.5606,60.73,94,0,2.3
303,Mar Del Plata,AR,2022-07-20 19:51:29,-38.0023,-57.5575,64.42,48,0,17.27
304,Samarai,PG,2022-07-20 19:51:30,-10.6167,150.6667,79.9,81,20,9.71
305,Selenduma,RU,2022-07-20 19:51:30,50.9131,106.2406,53.46,77,87,3.22
306,Honiara,SB,2022-07-20 19:48:18,-9.4333,159.95,76.19,86,33,5.14
307,Sur,OM,2022-07-20 19:51:30,22.5667,59.5289,84.04,76,84,15.17
308,Sai Buri,TH,2022-07-20 19:51:31,6.7013,101.6168,76.82,85,99,6.87
309,Ertil,RU,2022-07-20 19:51:31,51.8406,40.8056,57.34,97,99,3.36
310,Terrace,CA,2022-07-20 19:51:31,54.5163,-128.6035,66.11,59,75,2.3
311,Tual,ID,2022-07-20 19:51:32,-5.6667,132.75,78.64,77,100,18.01
312,Miyako,JP,2022-07-20 19:51:32,39.6367,141.9525,67.87,94,91,3.49
313,Tunceli,TR,2022-07-20 19:52:32,39.1083,39.5471,77.2,35,0,7.09
314,Nara,JP,2022-07-20 19:52:33,34.6851,135.8049,77.5,68,98,0.76
315,Puerto Cabezas,NI,2022-07-20 19:52:33,14.0351,-83.3888,87.76,79,40,6.91
316,Pontes E Lacerda,BR,2022-07-20 19:52:33,-15.2261,-59.3353,94.57,16,5,5.95
317,Elko,US,2022-07-20 19:52:34,41.0002,-115.5012,91.63,18,74,4.0
318,Tabuk,PH,2022-07-20 19:52:34,17.4189,121.4443,75.45,92,71,1.77
319,San Patricio,US,2022-07-20 19:51:11,28.017,-97.5169,97.52,44,1,20.62
320,Bar Harbor,US,2022-07-20 19:52:34,44.3876,-68.2039,88.34,44,0,11.5
321,Geraldton,AU,2022-07-20 19:52:35,-28.7667,114.6,68.41,88,75,19.57
322,Iquitos,PE,2022-07-20 19:52:35,-3.7481,-73.2472,86.04,66,75,3.44
323,San Martin,AR,2022-07-20 19:52:35,-33.081,-68.4681,63.14,22,0,6.2
324,Muhos,FI,2022-07-20 19:52:36,64.808,25.9931,60.58,90,100,4.45
325,Lincoln,US,2022-07-20 19:49:49,40.8,-96.667,93.29,48,0,17.27
326,Hirara,JP,2022-07-20 19:52:36,24.8,125.2833,85.24,81,78,13.96
327,Praya,CV,2022-07-20 19:50:15,14.9215,-23.5087,79.34,83,75,8.05
328,Alcaniz,ES,2022-07-20 19:52:36,41.05,-0.1333,85.44,39,0,9.01
329,Komsomolskiy,UZ,2022-07-20 19:52:37,40.4272,71.7189,81.32,34,0,6.91
330,Port Pirie,AU,2022-07-20 19:52:37,-33.1833,138.0167,42.44,86,0,5.86
331,Evensk,RU,2022-07-20 19:52:13,61.95,159.2333,59.94,68,17,4.38
332,Souillac,MU,2022-07-20 19:47:55,-20.5167,57.5167,71.98,60,40,18.41
333,Karratha,AU,2022-07-20 19:52:38,-20.7377,116.8463,66.6,62,3,4.79
334,Harstad,NO,2022-07-20 19:51:50,68.799,16.5293,60.19,97,69,5.99
335,Kirakira,SB,2022-07-20 19:52:38,-10.4544,161.9205,79.12,83,65,6.62
336,Gamba,GA,2022-07-20 19:52:38,-2.65,10.0,70.36,92,91,6.26
337,Draguignan,FR,2022-07-20 19:52:39,43.5333,6.4667,83.01,49,0,5.77
338,Turochak,RU,2022-07-20 19:52:39,52.2576,87.1224,50.68,85,36,3.47
339,Hamilton,US,2022-07-20 19:48:12,39.1834,-84.5333,94.64,63,75,16.11
340,Dondo,MZ,2022-07-20 19:52:39,-19.6094,34.7431,69.31,95,33,5.21
341,Price,US,2022-07-20 19:52:40,39.5994,-110.8107,92.46,16,0,13.8
342,Smolenskoye,RU,2022-07-20 19:52:40,52.3044,85.0781,59.63,55,100,7.52
343,Tuatapere,NZ,2022-07-20 19:52:40,-46.1333,167.6833,42.49,83,100,1.97
344,Yulara,AU,2022-07-20 19:48:03,-25.2406,130.9889,45.61,50,6,10.89
345,Escanaba,US,2022-07-20 19:52:41,45.7453,-87.0646,76.51,71,40,16.11
346,Pyinmana,MM,2022-07-20 19:52:41,19.7333,96.2167,76.48,96,100,4.27
347,The Valley,AI,2022-07-20 19:50:05,18.217,-63.0578,86.83,70,40,17.27
348,Upington,ZA,2022-07-20 19:52:41,-28.4478,21.2561,55.78,54,0,3.44
349,Vestmanna,FO,2022-07-20 19:52:42,62.1564,-7.1664,47.32,93,100,14.97
350,Pangnirtung,CA,2022-07-20 19:52:42,66.1451,-65.7125,48.2,87,100,11.5
351,Ternate,ID,2022-07-20 19:51:40,0.8,127.4,80.08,81,100,1.95
352,El Alto,PE,2022-07-20 19:52:43,-4.2714,-81.2147,69.46,70,16,17.34
353,Nishihara,JP,2022-07-20 19:50:48,26.1842,127.7558,83.48,89,98,9.22
354,Kruisfontein,ZA,2022-07-20 19:52:43,-34.0033,24.7314,54.88,91,94,3.56
355,Coihaique,CL,2022-07-20 19:52:02,-45.5752,-72.0662,36.21,80,100,5.75
356,Wiarton,CA,2022-07-20 19:52:43,44.7407,-81.1332,86.45,51,75,21.85
357,Turayf,SA,2022-07-20 19:52:44,31.6725,38.6637,91.65,24,0,16.11
358,Qinzhou,CN,2022-07-20 19:52:44,21.95,108.6167,78.51,94,99,5.57
359,Vallenar,CL,2022-07-20 19:48:05,-28.5708,-70.7581,68.29,46,100,4.43
360,Tombouctou,ML,2022-07-20 19:53:45,20.0,-3.0,93.16,40,42,10.85
361,Katsina,NG,2022-07-20 19:53:45,12.9894,7.6006,75.56,71,100,13.76
362,Madisonville,US,2022-07-20 19:48:52,37.3281,-87.4989,97.21,38,5,12.91
363,Tromso,NO,2022-07-20 19:53:45,69.6496,18.957,62.62,67,75,2.3
364,Verkhnevilyuysk,RU,2022-07-20 19:51:30,63.4453,120.3167,54.43,96,100,3.74
365,Cocobeach,GA,2022-07-20 19:53:46,1.0002,9.5823,76.1,81,100,9.37
366,San Jose,US,2022-07-20 19:52:07,37.3394,-121.895,91.9,46,0,9.22
367,Gudari,IN,2022-07-20 19:53:46,19.35,83.7833,78.24,91,100,1.99
368,Guerrero Negro,MX,2022-07-20 19:53:46,27.9769,-114.0611,83.55,45,18,13.73
369,Tateyama,JP,2022-07-20 19:53:47,34.9833,139.8667,76.1,82,47,7.61
370,Katobu,ID,2022-07-20 19:53:47,-4.9408,122.5276,74.35,95,11,4.72
371,Lar,IN,2022-07-20 19:53:47,26.2039,83.9717,82.49,78,100,7.92
372,Udalguri,IN,2022-07-20 19:53:48,26.7667,92.1333,77.77,94,100,3.67
373,Carnarvon,AU,2022-07-20 19:53:48,-24.8667,113.6333,70.56,78,0,15.64
374,Poum,NC,2022-07-20 19:53:48,-20.2333,164.0167,75.43,86,100,7.36
375,Chisec,GT,2022-07-20 19:53:49,15.8167,-90.2833,91.63,51,100,4.43
376,Koundara,GN,2022-07-20 19:53:49,12.4833,-13.3,75.63,89,100,7.16
377,Nome,US,2022-07-20 19:48:56,64.5011,-165.4064,48.27,82,100,18.41
378,Nador,MA,2022-07-20 19:53:49,35.174,-2.9287,80.67,83,100,5.75
379,Flin Flon,CA,2022-07-20 19:53:50,54.7682,-101.865,62.44,77,75,8.05
380,Praia Da Vitoria,PT,2022-07-20 19:53:50,38.7333,-27.0667,75.45,83,20,4.09
381,Fairbanks,US,2022-07-20 19:52:48,64.8378,-147.7164,63.23,66,75,5.75
382,Nyurba,RU,2022-07-20 19:53:51,63.2842,118.3319,56.26,97,100,3.76
383,Albert Lea,US,2022-07-20 19:53:51,43.648,-93.3683,84.72,44,0,12.66
384,Fortuna,US,2022-07-20 19:53:51,40.5982,-124.1573,69.93,73,36,4.0
385,Cururupu,BR,2022-07-20 19:53:52,-1.8283,-44.8683,78.17,85,92,3.69
386,Miraflores,MX,2022-07-20 19:53:52,19.2167,-98.8083,79.03,43,79,0.83
387,Vung Tau,VN,2022-07-20 19:53:52,10.346,107.0843,78.93,84,100,4.41
388,Leningradskiy,RU,2022-07-20 19:53:52,69.3833,178.4167,33.04,97,100,18.16
389,Buala,SB,2022-07-20 19:52:34,-8.145,159.5921,79.86,80,100,6.58
390,Anadyr,RU,2022-07-20 19:53:53,64.75,177.4833,41.5,80,40,6.71
391,Cayenne,GF,2022-07-20 19:50:21,4.9333,-52.3333,86.04,1,20,12.66
392,Mimoso Do Sul,BR,2022-07-20 19:53:53,-21.0642,-41.3664,72.86,79,67,4.99
393,Joshimath,IN,2022-07-20 19:53:54,30.5667,79.5667,71.58,94,100,1.16
394,Iturama,BR,2022-07-20 19:53:54,-19.7281,-50.1956,86.36,20,0,5.68
395,Batagay-Alyta,RU,2022-07-20 19:53:54,67.8006,130.4114,39.29,84,100,0.56
396,Santa Isabel Do Rio Negro,BR,2022-07-20 19:53:55,-0.4139,-65.0192,82.54,84,59,2.73
397,Pontivy,FR,2022-07-20 19:53:55,48.0,-3.0,70.38,75,100,11.16
398,Moron,AR,2022-07-20 19:51:05,-34.6534,-58.6198,67.69,67,31,5.93
399,Boyolangu,ID,2022-07-20 19:53:55,-8.1181,111.8935,72.88,90,85,5.06
400,Aklavik,CA,2022-07-20 19:51:47,68.2191,-135.0107,62.6,67,75,2.3
401,Cabedelo,BR,2022-07-20 19:53:56,-6.9811,-34.8339,77.67,84,68,11.81
402,Utena,LT,2022-07-20 19:53:56,55.5,25.6,54.77,87,0,7.87
403,Koutsouras,GR,2022-07-20 19:54:57,35.0339,25.9469,77.11,55,0,11.88
404,Boueni,YT,2022-07-20 19:54:57,-12.9025,45.0761,69.78,65,0,3.69
405,Yugorsk,RU,2022-07-20 19:54:57,61.3133,63.3319,60.42,88,100,5.77
406,San Cristobal,VE,2022-07-20 19:54:58,7.7669,-72.225,77.18,57,62,6.4
407,Emilio Carranza,MX,2022-07-20 19:54:58,19.9711,-96.6114,91.22,57,100,17.9
408,Rincon,US,2022-07-20 19:54:48,32.296,-81.2354,89.56,55,75,8.05
409,Port Hardy,CA,2022-07-20 19:54:08,50.6996,-127.4199,59.18,82,40,5.75
410,Viedma,AR,2022-07-20 19:50:06,-40.8135,-62.9967,65.55,38,95,26.71
411,San Policarpo,PH,2022-07-20 19:51:23,12.1791,125.5072,82.36,79,85,5.97
412,Bastia,FR,2022-07-20 19:54:59,42.6667,9.3333,86.02,55,0,5.01
413,Jeremie,HT,2022-07-20 19:54:59,18.65,-74.1167,85.8,63,45,4.68
414,Gilgit,PK,2022-07-20 19:54:59,35.9221,74.3087,87.89,36,0,2.51
415,Puqi,CN,2022-07-20 19:55:00,29.7167,113.8833,78.21,97,100,0.4
416,Lake City,US,2022-07-20 19:55:00,30.1897,-82.6393,91.8,62,0,8.05
417,Alta,NO,2022-07-20 19:55:00,69.9689,23.2717,63.66,68,75,6.91
418,Kysyl-Syr,RU,2022-07-20 19:55:01,63.8986,122.7617,58.84,95,100,3.83
419,Kavaratti,IN,2022-07-20 19:55:01,10.5669,72.642,81.21,81,100,18.52
420,Port Lincoln,AU,2022-07-20 19:55:01,-34.7333,135.8667,50.99,80,57,10.2
421,Japura,ID,2022-07-20 19:55:02,-0.3167,102.35,73.71,99,100,2.42
422,Hauterive,FR,2022-07-20 19:55:02,46.0901,3.4459,75.96,63,2,0.85
423,Ixtapa,MX,2022-07-20 19:55:02,20.7,-105.2,89.22,72,100,5.99
424,Puyo,EC,2022-07-20 19:55:03,-1.4667,-77.9833,76.24,64,75,0.0
425,Warman,CA,2022-07-20 19:55:03,52.3168,-106.5679,76.08,35,40,27.63
426,Den Helder,NL,2022-07-20 19:55:04,52.9599,4.7593,72.01,72,100,10.36
427,Atar,MR,2022-07-20 19:55:04,20.5169,-13.0499,100.53,9,54,2.66
428,Mecca,SA,2022-07-20 19:52:20,21.4267,39.8261,89.35,43,81,1.03
429,Bismil,TR,2022-07-20 19:55:04,37.8486,40.6658,91.13,12,0,7.61
430,Chirongui,YT,2022-07-20 19:55:05,-12.9319,45.1483,69.73,65,0,3.49
431,Belaya Gora,RU,2022-07-20 19:55:05,68.5333,146.4167,46.35,73,8,0.76
432,Valdivia,CL,2022-07-20 19:55:05,-39.8142,-73.2459,50.09,97,100,4.52
433,Sao Geraldo Do Araguaia,BR,2022-07-20 19:55:06,-6.4006,-48.555,94.48,26,8,4.27
434,Muisne,EC,2022-07-20 19:55:06,0.6,-80.0333,75.85,81,99,11.99
435,Payakumbuh,ID,2022-07-20 19:55:06,-0.2202,100.6308,67.96,95,86,3.02
436,La Palma,US,2022-07-20 19:55:07,33.8464,-118.0467,95.18,54,99,5.01
437,Araouane,ML,2022-07-20 19:55:07,18.9048,-3.5265,92.73,37,82,6.69
438,Boralday,KZ,2022-07-20 19:55:07,43.3578,76.8594,66.06,52,0,6.71
439,Baker City,US,2022-07-20 19:55:08,44.7749,-117.8344,85.59,33,0,3.83
440,Kahului,US,2022-07-20 19:55:08,20.8947,-156.47,80.96,74,46,13.38
441,Shenjiamen,CN,2022-07-20 19:55:08,29.9576,122.298,78.01,95,71,5.97
442,Egvekinot,RU,2022-07-20 19:55:09,66.3167,-179.1667,36.55,63,49,8.63
443,Mehamn,NO,2022-07-20 19:50:30,71.0357,27.8492,55.35,94,20,0.0
444,Sagone,FR,2022-07-20 19:55:09,42.1155,8.6969,84.16,66,10,3.8
445,Havelock,US,2022-07-20 19:55:10,34.8791,-76.9013,89.98,81,75,17.27
446,Pandan,PH,2022-07-20 19:55:10,14.0453,124.1694,81.18,85,98,7.11
447,Cherskiy,RU,2022-07-20 19:53:51,68.75,161.3,40.3,72,26,12.95
448,Kaluga,RU,2022-07-20 19:55:10,54.5,35.5,52.74,90,100,8.32
449,Kadaya,RU,2022-07-20 19:55:11,50.9327,119.2911,60.3,79,32,1.5
450,Visnes,NO,2022-07-20 19:55:11,59.3556,5.2242,62.82,94,100,11.5
451,Dalby,AU,2022-07-20 19:55:11,-27.1833,151.2667,50.99,89,61,1.01
452,Kurud,IN,2022-07-20 19:55:12,20.8322,81.7214,75.76,89,100,5.95
453,Vanimo,PG,2022-07-20 19:51:46,-2.6741,141.3028,75.22,89,100,4.29
454,San Francisco,US,2022-07-20 19:54:59,37.7749,-122.4194,90.18,73,20,17.27
455,Cockburn Town,TC,2022-07-20 19:56:12,21.4612,-71.1419,82.29,76,0,19.75
456,Majalgaon,IN,2022-07-20 19:56:13,19.15,76.2333,78.1,81,100,10.47
457,Qualiano,IT,2022-07-20 19:56:13,40.9226,14.1501,82.71,63,0,5.14
458,Goderich,CA,2022-07-20 19:56:13,43.7501,-81.7165,88.12,51,100,19.57
459,Adrar,MR,2022-07-20 19:56:14,20.5022,-10.0711,97.3,17,10,10.92
460,Vao,NC,2022-07-20 19:52:23,-22.6667,167.4833,73.89,88,97,9.8
461,Termoli,IT,2022-07-20 19:56:14,41.9888,14.9895,73.58,54,0,3.22
462,Biak,ID,2022-07-20 19:56:14,-0.9131,122.8766,75.15,84,54,3.8
463,Nizhyn,UA,2022-07-20 19:56:15,51.048,31.8869,58.03,70,53,12.01
464,Pombas,CV,2022-07-20 19:56:15,17.1503,-25.0201,78.58,85,18,7.99
465,Buritizeiro,BR,2022-07-20 19:56:15,-17.3511,-44.9622,83.71,26,2,5.5
466,Marovoay,MG,2022-07-20 19:56:16,-16.1,46.6333,69.4,60,3,8.88
467,Azovskaya,RU,2022-07-20 19:56:16,44.7908,38.6264,68.56,66,0,5.35
468,Honningsvag,NO,2022-07-20 19:56:17,70.9821,25.9704,51.55,100,100,0.0
469,Flinders,AU,2022-07-20 19:56:17,-34.5833,150.8552,51.19,93,100,1.99
470,Trier,DE,2022-07-20 19:56:17,49.7557,6.6394,72.1,96,100,0.72
471,Obidos,BR,2022-07-20 19:56:18,-1.9175,-55.5181,86.16,59,56,4.61
472,Zarubino,RU,2022-07-20 19:56:18,42.63,131.0922,65.73,98,93,5.01
473,Tondano,ID,2022-07-20 19:56:18,1.3038,124.9112,66.29,90,97,2.28
474,Havoysund,NO,2022-07-20 19:56:19,70.9963,24.6622,52.03,85,48,10.49
475,Terrace Bay,CA,2022-07-20 19:56:19,48.7834,-87.1,56.8,84,51,9.37
476,Alta Floresta,BR,2022-07-20 19:52:56,-9.8756,-56.0861,96.62,23,0,6.91
477,Svetlogorsk,BY,2022-07-20 19:56:20,52.6333,29.7333,56.62,75,0,8.55
478,Manokwari,ID,2022-07-20 19:56:21,-0.8667,134.0833,78.39,79,98,5.99
479,Dickinson,US,2022-07-20 19:54:01,29.4608,-95.0513,100.15,63,0,7.0
480,Utrecht,NL,2022-07-20 19:56:22,52.0,5.25,76.03,71,74,1.99
481,Santa Rosa,PH,2022-07-20 19:56:22,14.3122,121.1114,82.38,83,100,4.47
482,Saint-Pierre,RE,2022-07-20 19:56:23,-21.3393,55.4781,65.88,59,0,4.61
483,Olinda,BR,2022-07-20 19:54:57,-8.0089,-34.8553,76.73,78,75,14.97
484,Stettler,CA,2022-07-20 19:56:24,52.3168,-112.7186,71.35,60,0,10.36
485,Rayachoti,IN,2022-07-20 19:56:24,14.05,78.75,84.15,60,99,10.18
486,Coquimbo,CL,2022-07-20 19:51:55,-29.9533,-71.3436,53.33,93,100,3.44
487,Bikaner,IN,2022-07-20 19:56:25,28.0167,73.3,92.07,54,47,16.8
488,Pajapan,MX,2022-07-20 19:56:25,18.25,-94.7,85.55,60,97,7.78
489,Trincomalee,LK,2022-07-20 19:56:25,8.5711,81.2335,79.77,84,33,13.56
490,Zhigansk,RU,2022-07-20 19:56:26,66.7697,123.3711,48.74,69,99,15.88
491,Cristalina,BR,2022-07-20 19:56:26,-16.7686,-47.6136,73.36,31,4,7.81
492,Young,UY,2022-07-20 19:56:26,-32.6833,-57.6333,63.88,86,99,5.93
493,Itacoatiara,BR,2022-07-20 19:56:27,-3.1431,-58.4442,87.94,54,68,3.58
494,Winburg,ZA,2022-07-20 19:56:27,-28.518,27.0093,50.95,44,4,5.97
495,Sorong,ID,2022-07-20 19:56:27,-0.8833,131.25,77.54,89,100,7.0
496,Ipatinga,BR,2022-07-20 19:56:28,-19.4683,-42.5367,82.47,34,0,3.44
497,Moerai,PF,2022-07-20 19:57:28,-22.4333,-151.3333,71.58,72,100,34.58
498,Pansol,PH,2022-07-20 19:57:28,13.8866,121.2432,76.5,96,100,2.44
499,Port Hueneme,US,2022-07-20 19:57:28,34.1478,-119.1951,98.2,67,28,6.76
500,Palembang,ID,2022-07-20 19:55:08,-2.9167,104.7458,77.09,94,20,3.44
501,Coahuayana,MX,2022-07-20 19:57:29,18.7333,-103.6833,95.9,47,77,6.4
502,Bambanglipuro,ID,2022-07-20 19:57:29,-7.95,110.2833,75.96,81,94,7.49
503,Colac,AU,2022-07-20 19:57:30,-38.3333,143.5833,43.09,91,0,4.7
504,Artyom,AZ,2022-07-20 19:57:30,40.4723,50.333,78.94,79,0,31.7
505,Mao,ES,2022-07-20 19:57:30,39.8885,4.2658,81.16,74,0,8.05
506,Vondrozo,MG,2022-07-20 19:57:31,-22.8167,47.2833,58.48,96,51,0.94
507,Deputatskiy,RU,2022-07-20 19:57:31,69.3,139.9,35.1,95,90,4.03
508,Sheridan,US,2022-07-20 19:57:31,44.8333,-106.9173,92.32,14,0,7.0
509,Zhezkazgan,KZ,2022-07-20 19:57:32,47.8043,67.7144,83.95,36,96,6.85
510,Kurilsk,RU,2022-07-20 19:57:32,45.2333,147.8833,52.29,96,100,8.08
511,Bahia Honda,CU,2022-07-20 19:57:32,22.9036,-83.1592,88.05,62,13,11.99
512,Lahad Datu,MY,2022-07-20 19:57:33,5.0268,118.327,76.23,90,47,0.85
513,Santiago Del Estero,AR,2022-07-20 19:56:01,-27.7951,-64.2615,78.76,35,100,14.0
514,Luancheng,CN,2022-07-20 19:57:33,37.8792,114.6517,71.76,91,0,4.0
515,Inhambane,MZ,2022-07-20 19:57:33,-23.865,35.3833,66.18,93,0,3.44
516,Paramo,ES,2022-07-20 19:57:34,43.1007,-6.0423,59.72,96,15,3.78
517,Baykit,RU,2022-07-20 19:57:34,61.67,96.37,51.24,96,11,1.83
518,Trzebiatow,PL,2022-07-20 19:57:34,54.0615,15.2648,75.63,51,2,10.18
519,Eyl,SO,2022-07-20 19:57:35,7.9803,49.8164,74.57,84,54,19.42
520,Russell,US,2022-07-20 19:57:15,32.3502,-85.1999,94.28,43,54,4.25
521,Loikaw,MM,2022-07-20 19:57:35,19.6742,97.2094,70.47,95,100,2.1
522,Mlowo,TZ,2022-07-20 19:57:35,-9.0,32.9833,54.48,84,32,5.61
523,Mandan,US,2022-07-20 19:57:36,46.8267,-100.8896,94.37,38,0,13.8
524,Manta,EC,2022-07-20 19:57:36,-0.95,-80.7333,82.18,65,20,11.5
525,Talas,TR,2022-07-20 19:57:36,38.6908,35.5538,63.27,63,40,6.91
526,Avenal,US,2022-07-20 19:57:37,36.0041,-120.129,99.55,12,4,1.14
527,Umm Kaddadah,SD,2022-07-20 19:57:37,13.6017,26.6876,87.22,42,22,8.43
528,Comodoro Rivadavia,AR,2022-07-20 19:57:37,-45.8667,-67.5,48.06,31,0,29.93
529,Filadelfia,US,2022-07-20 19:53:31,39.9523,-75.1638,97.95,45,40,10.36
530,Talca,CL,2022-07-20 19:57:38,-35.4333,-71.6667,58.66,63,8,2.64
531,Vanderhoof,CA,2022-07-20 19:57:38,54.0166,-124.0198,73.69,34,40,7.29
532,Kapit,MY,2022-07-20 19:57:38,2.0167,112.9333,73.42,99,49,0.34
533,Fort Nelson,CA,2022-07-20 19:57:39,58.8053,-122.7002,72.99,35,20,8.05
534,Phangnga,TH,2022-07-20 19:57:14,8.4509,98.5298,80.64,97,100,3.36
535,Nadvoitsy,RU,2022-07-20 19:57:39,63.8667,34.3167,59.94,78,0,10.25
536,Gogrial,SS,2022-07-20 19:57:40,8.5332,28.1004,71.94,84,35,4.47
537,Ugoofaaru,MV,2022-07-20 19:57:40,5.6667,73.0,80.82,76,95,16.46
538,Forest,US,2022-07-20 19:57:40,37.3638,-79.2897,92.48,60,10,9.26
539,Xichang,CN,2022-07-20 19:57:40,27.8964,102.2634,65.34,87,98,1.25
540,Springbok,ZA,2022-07-20 19:57:41,-29.6643,17.8865,46.4,49,1,5.48
541,Juneau,US,2022-07-20 19:57:13,58.3019,-134.4197,53.22,97,100,5.66
542,Berlevag,NO,2022-07-20 19:58:41,70.8578,29.0864,55.4,94,100,2.3
543,Sistranda,NO,2022-07-20 19:58:42,63.7256,8.834,57.16,97,100,3.22
544,Belyy Yar,RU,2022-07-20 19:58:42,53.6039,91.3903,57.09,88,0,4.47
545,Tuy Hoa,VN,2022-07-20 19:58:42,13.0833,109.3,75.04,94,100,5.1
546,Jabinyanah,TN,2022-07-20 19:58:43,35.035,10.9081,84.0,72,0,13.13
547,Grindavik,IS,2022-07-20 19:54:03,63.8424,-22.4338,53.55,87,75,18.41
548,Vata De Jos,RO,2022-07-20 19:58:43,46.1833,22.6,70.02,50,0,3.62
549,Ponta Delgada,PT,2022-07-20 19:58:44,37.7333,-25.6667,70.52,88,75,4.61
550,Ewa Beach,US,2022-07-20 19:58:44,21.3156,-158.0072,81.09,57,12,15.99
551,Normandin,CA,2022-07-20 19:58:44,48.8333,-72.5321,77.13,44,99,2.3
552,Tangshan,CN,2022-07-20 19:58:44,39.6333,118.1833,67.39,93,6,1.77
553,Quincy,US,2022-07-20 19:55:32,42.2529,-71.0023,97.36,52,55,4.0
554,Tadine,NC,2022-07-20 19:58:45,-21.55,167.8833,74.35,92,100,10.04
555,High Rock,BS,2022-07-20 19:58:45,26.6208,-78.2833,89.62,68,0,9.57
556,Bahia Blanca,AR,2022-07-20 19:58:46,-38.7196,-62.2724,64.71,41,44,17.38
557,Aleksandrov Gay,RU,2022-07-20 19:58:46,50.147,48.5704,69.67,42,11,7.29
558,Beihai,CN,2022-07-20 19:58:46,21.4833,109.1,83.48,83,74,18.95
559,Bandundu,CD,2022-07-20 19:58:47,-3.3167,17.3667,79.66,62,66,2.86
