City_ID,City,Country,Date,Current Description,Lat,Lng,Max Temp,Humidity,Cloudiness,Wind Speed
0,Hobart,AU,2022-07-22 16:30:07,overcast clouds,-42.8794,147.3294,47.26,89,100,6.85
1,Portland,US,2022-07-22 16:31:08,overcast clouds,45.5234,-122.6762,65.28,79,100,1.99
2,Yellowknife,CA,2022-07-22 16:32:41,overcast clouds,62.456,-114.3525,62.56,59,96,4.0
3,Hithadhoo,MV,2022-07-22 16:32:41,overcast clouds,-0.6,73.0833,81.09,74,100,7.18
4,Mataura,NZ,2022-07-22 16:32:43,few clouds,-46.1927,168.8643,34.48,98,16,2.95
5,Ushuaia,AR,2022-07-22 16:31:21,light rain,-54.8,-68.3,35.58,80,90,17.65
6,Esperance,AU,2022-07-22 16:28:35,broken clouds,-33.8667,121.9,53.38,77,84,12.62
7,Gat,IL,2022-07-22 16:32:43,clear sky,31.61,34.7642,84.81,100,0,9.62
8,Arraial Do Cabo,BR,2022-07-22 16:28:52,clear sky,-22.9661,-42.0278,73.09,75,2,13.76
9,Iqaluit,CA,2022-07-22 16:29:50,broken clouds,63.7506,-68.5145,45.7,81,75,5.01
10,Rikitea,PF,2022-07-22 16:32:44,overcast clouds,-23.1203,-134.9692,72.61,75,99,7.7
11,Korla,CN,2022-07-22 16:31:59,clear sky,41.7597,86.1469,85.53,19,0,4.18
12,Geraldton,AU,2022-07-22 16:32:44,broken clouds,-28.7667,114.6,60.73,67,76,4.36
13,Camocim,BR,2022-07-22 16:32:44,scattered clouds,-2.9022,-40.8411,88.92,51,34,9.6
14,Lalganj,IN,2022-07-22 16:28:39,light rain,25.8667,85.1833,87.03,68,98,12.39
15,Cascais,PT,2022-07-22 16:32:45,clear sky,38.6979,-9.4215,87.26,67,2,22.03
16,Punta Arenas,CL,2022-07-22 16:29:20,few clouds,-53.15,-70.9167,37.11,70,19,20.89
17,Nikolskoye,RU,2022-07-22 16:32:45,scattered clouds,59.7035,30.7861,81.81,54,35,3.2
18,El Dorado,US,2022-07-22 16:32:46,clear sky,38.7666,-120.5177,85.64,16,0,1.01
19,Qasigiannguit,GL,2022-07-22 16:32:46,light rain,68.8193,-51.1922,44.56,94,100,5.53
20,Sorland,NO,2022-07-22 16:32:46,broken clouds,67.667,12.6934,51.85,79,76,22.15
21,Provideniya,RU,2022-07-22 16:32:47,broken clouds,64.3833,-173.3,42.57,80,63,9.28
22,Mahebourg,MU,2022-07-22 16:32:47,light rain,-20.4081,57.7,71.26,76,28,17.65
23,Jamestown,US,2022-07-22 16:32:47,clear sky,42.097,-79.2353,82.94,69,4,5.99
24,Falls Church,US,2022-07-22 16:32:47,few clouds,38.8823,-77.1711,94.06,50,18,3.0
25,Severo-Kurilsk,RU,2022-07-22 16:32:19,overcast clouds,50.6789,156.125,54.45,93,100,3.42
26,Vaini,TO,2022-07-22 16:32:48,overcast clouds,-21.2,-175.2,73.08,74,100,15.05
27,Busselton,AU,2022-07-22 16:32:48,scattered clouds,-33.65,115.3333,58.93,81,29,17.07
28,Bengkulu,ID,2022-07-22 16:32:49,light rain,-3.8004,102.2655,75.81,89,87,4.68
29,Nanning,CN,2022-07-22 16:32:49,clear sky,22.8167,108.3167,79.45,80,5,2.3
30,New Norfolk,AU,2022-07-22 16:32:49,overcast clouds,-42.7826,147.0587,46.9,82,99,1.01
31,Evensk,RU,2022-07-22 16:31:54,clear sky,61.95,159.2333,53.22,48,1,6.06
32,Henties Bay,NA,2022-07-22 16:32:50,clear sky,-22.116,14.2845,60.89,69,0,8.55
33,Ratnagiri,IN,2022-07-22 16:32:50,overcast clouds,16.9833,73.3,79.52,84,100,7.4
34,Charagua,BO,2022-07-22 16:32:50,clear sky,-19.8,-63.2167,82.62,36,2,7.67
35,Hamilton,US,2022-07-22 16:32:51,clear sky,39.1834,-84.5333,91.22,60,1,7.0
36,San Patricio,US,2022-07-22 16:32:13,overcast clouds,28.017,-97.5169,92.16,41,92,14.14
37,Dunedin,NZ,2022-07-22 16:32:32,overcast clouds,-45.8742,170.5036,43.81,74,92,1.01
38,Hilo,US,2022-07-22 16:28:36,scattered clouds,19.7297,-155.09,75.27,100,39,1.99
39,Saskylakh,RU,2022-07-22 16:32:51,overcast clouds,71.9167,114.0833,47.5,73,100,6.64
40,Port Alfred,ZA,2022-07-22 16:32:52,scattered clouds,-33.5906,26.891,65.5,67,49,3.33
41,Carnarvon,AU,2022-07-22 16:29:44,clear sky,-24.8667,113.6333,64.74,64,0,17.25
42,Karasburg,NA,2022-07-22 16:32:52,few clouds,-28.0167,18.75,67.12,22,22,6.38
43,Yarmouth,US,2022-07-22 16:32:52,clear sky,41.7057,-70.2286,92.14,73,2,1.99
44,Castro,BR,2022-07-22 16:28:29,scattered clouds,-24.7911,-50.0119,74.64,40,40,5.88
45,Asau,RO,2022-07-22 16:32:53,clear sky,46.4333,26.4,80.69,42,0,5.55
46,Honiara,SB,2022-07-22 16:32:53,scattered clouds,-9.4333,159.95,76.14,85,39,3.02
47,Tiksi,RU,2022-07-22 16:32:53,broken clouds,71.6872,128.8694,43.27,82,52,5.64
48,Mokolo,CM,2022-07-22 16:33:54,moderate rain,10.7398,13.8019,77.7,73,90,3.58
49,Kingaroy,AU,2022-07-22 16:33:54,overcast clouds,-26.5333,151.8333,53.64,89,88,12.17
50,Campo Verde,BR,2022-07-22 16:33:54,scattered clouds,-20.4167,-54.0667,89.78,20,50,9.04
51,Kungurtug,RU,2022-07-22 16:33:55,overcast clouds,50.5994,97.5228,54.36,75,94,2.82
52,Deputatskiy,RU,2022-07-22 16:33:55,broken clouds,69.3,139.9,45.19,71,71,3.36
53,Cape Town,ZA,2022-07-22 16:29:00,overcast clouds,-33.9258,18.4232,59.34,79,100,4.0
54,Saint George,US,2022-07-22 16:29:35,scattered clouds,37.1041,-113.5841,94.42,21,31,3.0
55,Sioux Lookout,CA,2022-07-22 16:33:56,broken clouds,50.1001,-91.917,66.78,66,57,7.23
56,Madison,US,2022-07-22 16:31:25,broken clouds,34.7334,-86.5667,91.09,70,73,3.0
57,Flinders,AU,2022-07-22 16:33:56,broken clouds,-34.5833,150.8552,52.18,91,70,5.99
58,Bethel,US,2022-07-22 16:33:56,clear sky,41.3712,-73.414,92.35,51,0,5.01
59,Necochea,AR,2022-07-22 16:33:57,overcast clouds,-38.5473,-58.7368,51.64,63,100,4.68
60,Avarua,CK,2022-07-22 16:33:57,overcast clouds,-21.2078,-159.775,74.8,78,96,10.71
61,Lebu,CL,2022-07-22 16:33:57,overcast clouds,-37.6167,-73.65,54.34,96,100,11.07
62,Hambantota,LK,2022-07-22 16:33:57,overcast clouds,6.1241,81.1185,79.57,81,98,19.95
63,Lompoc,US,2022-07-22 16:33:58,clear sky,34.6391,-120.4579,74.93,76,7,11.01
64,Puerto Ayora,EC,2022-07-22 16:33:58,scattered clouds,-0.7393,-90.3518,72.55,83,48,7.0
65,Asekeyevo,RU,2022-07-22 16:33:58,overcast clouds,53.5742,52.7972,70.07,56,94,4.9
66,Mercedes,AR,2022-07-22 16:33:59,clear sky,-34.6515,-59.4307,66.04,45,2,6.55
67,Dikson,RU,2022-07-22 16:33:59,overcast clouds,73.5069,80.5464,53.29,73,100,10.83
68,Sao Joao Da Barra,BR,2022-07-22 16:29:17,clear sky,-21.6403,-41.0511,74.16,73,2,12.57
69,Kodinsk,RU,2022-07-22 16:34:00,overcast clouds,58.6881,99.1844,60.19,84,89,4.43
70,East London,ZA,2022-07-22 16:34:00,clear sky,-33.0153,27.9116,69.39,51,5,8.03
71,Shingu,JP,2022-07-22 16:34:00,clear sky,33.7333,135.9833,73.58,85,0,5.5
72,Atuona,PF,2022-07-22 16:34:01,clear sky,-9.8,-139.0333,76.96,76,2,15.28
73,Hudson Bay,CA,2022-07-22 16:34:01,few clouds,52.85,-102.3842,67.77,50,20,4.63
74,Monaghan,IE,2022-07-22 16:31:45,overcast clouds,54.25,-6.9667,67.39,65,85,4.18
75,Gagret,IN,2022-07-22 16:34:01,overcast clouds,31.6667,76.0667,81.73,77,100,4.23
76,Hermanus,ZA,2022-07-22 16:34:02,overcast clouds,-34.4187,19.2345,56.8,68,92,11.77
77,Ilo,PE,2022-07-22 16:34:02,clear sky,-17.6394,-71.3375,64.09,73,4,10.29
78,Cayenne,GF,2022-07-22 16:34:03,few clouds,4.9333,-52.3333,87.1,31,12,6.78
79,Saint-Joseph,RE,2022-07-22 16:34:03,few clouds,-21.3667,55.6167,66.2,78,22,13.38
80,Batemans Bay,AU,2022-07-22 16:34:03,broken clouds,-35.7167,150.1833,52.11,93,56,4.68
81,Butaritari,KI,2022-07-22 16:34:04,scattered clouds,3.0707,172.7902,80.96,76,30,9.19
82,Ponta Do Sol,PT,2022-07-22 16:34:04,clear sky,32.6667,-17.1,82.71,57,0,3.71
83,Grand Gaube,MU,2022-07-22 16:34:04,scattered clouds,-20.0064,57.6608,71.38,72,45,5.99
84,Tura,IN,2022-07-22 16:34:05,overcast clouds,25.5198,90.2201,75.74,95,100,2.73
85,Tarakan,ID,2022-07-22 16:34:05,broken clouds,3.3,117.6333,80.74,76,65,3.29
86,Petrovsk-Zabaykalskiy,RU,2022-07-22 16:31:24,overcast clouds,51.273,108.843,57.29,96,100,3.11
87,Tuktoyaktuk,CA,2022-07-22 16:34:05,overcast clouds,69.4541,-133.0374,56.37,71,86,6.8
88,Serenje,ZM,2022-07-22 16:34:06,few clouds,-13.2325,30.2352,59.11,60,21,5.35
89,Angoram,PG,2022-07-22 16:34:06,clear sky,-4.0625,144.0661,73.18,98,5,0.83
90,Kapaa,US,2022-07-22 16:34:06,moderate rain,22.0752,-159.319,72.12,94,12,9.89
91,Champerico,GT,2022-07-22 16:34:07,overcast clouds,14.3,-91.9167,82.81,75,86,6.64
92,San Jose,US,2022-07-22 16:33:20,clear sky,37.3394,-121.895,75.51,61,0,1.99
93,Olafsvik,IS,2022-07-22 16:35:07,overcast clouds,64.8945,-23.7142,53.24,83,99,2.15
94,Juneau,US,2022-07-22 16:35:07,overcast clouds,58.3019,-134.4197,55.22,97,99,2.35
95,Qaanaaq,GL,2022-07-22 16:35:08,overcast clouds,77.484,-69.3632,42.19,84,100,11.54
96,Bluff,NZ,2022-07-22 16:35:08,broken clouds,-46.6,168.3333,34.81,84,83,7.25
97,Souillac,MU,2022-07-22 16:35:08,scattered clouds,-20.5167,57.5167,70.11,79,28,15.75
98,Thompson,CA,2022-07-22 16:35:09,overcast clouds,55.7435,-97.8558,54.36,80,100,6.35
99,Comodoro Rivadavia,AR,2022-07-22 16:35:09,clear sky,-45.8667,-67.5,40.93,35,1,6.96
100,Luderitz,NA,2022-07-22 16:35:09,few clouds,-26.6481,15.1594,61.07,68,13,14.36
101,Carutapera,BR,2022-07-22 16:35:10,broken clouds,-1.195,-46.02,88.25,52,56,6.33
102,Albany,US,2022-07-22 16:30:47,clear sky,42.6001,-73.9662,91.63,42,7,9.89
103,Port Elizabeth,ZA,2022-07-22 16:35:10,broken clouds,-33.918,25.5701,62.31,50,78,3.0
104,Norman Wells,CA,2022-07-22 16:35:10,scattered clouds,65.282,-126.8329,71.46,47,33,4.88
105,Laguna,US,2022-07-22 16:34:49,clear sky,38.421,-121.4238,89.08,44,0,1.01
106,Tamale,GH,2022-07-22 16:33:20,overcast clouds,9.4008,-0.8393,84.29,58,99,3.71
107,Jiuquan,CN,2022-07-22 16:35:11,clear sky,39.7432,98.5174,77.27,16,0,7.78
108,Santa Elena,EC,2022-07-22 16:35:11,overcast clouds,-2.2333,-80.85,69.55,80,100,9.1
109,Gilbues,BR,2022-07-22 16:35:11,clear sky,-9.8317,-45.3439,91.92,21,2,5.95
110,Avera,US,2022-07-22 16:35:12,overcast clouds,33.194,-82.5271,84.54,56,100,7.31
111,Grindavik,IS,2022-07-22 16:35:12,overcast clouds,63.8424,-22.4338,51.94,93,100,6.04
112,Harper,LR,2022-07-22 16:35:12,scattered clouds,4.375,-7.7169,79.16,62,45,7.81
113,Kahului,US,2022-07-22 16:35:13,clear sky,20.8947,-156.47,76.84,87,2,7.0
114,Khatanga,RU,2022-07-22 16:35:13,overcast clouds,71.9667,102.5,45.77,83,100,14.14
115,Kyra,RU,2022-07-22 16:35:13,overcast clouds,49.5776,111.9753,58.14,91,100,1.45
116,Kodiak,US,2022-07-22 16:35:14,broken clouds,57.79,-152.4072,50.0,78,63,1.16
117,Saldanha,ZA,2022-07-22 16:35:14,overcast clouds,-33.0117,17.9442,56.12,85,100,3.74
118,Upernavik,GL,2022-07-22 16:35:14,light rain,72.7868,-56.1549,42.06,95,100,24.96
119,Hearst,CA,2022-07-22 16:35:15,scattered clouds,49.6835,-83.6665,75.54,48,37,10.02
120,Jinji,CN,2022-07-22 16:35:15,clear sky,23.2281,110.8261,80.55,83,4,3.83
121,Ostrovnoy,RU,2022-07-22 16:35:15,overcast clouds,68.0531,39.5131,52.45,98,100,15.61
122,Melaka,MY,2022-07-22 16:35:16,overcast clouds,2.196,102.2405,78.3,87,100,5.28
123,Richards Bay,ZA,2022-07-22 16:35:16,clear sky,-28.783,32.0377,68.07,78,0,12.15
124,Kruisfontein,ZA,2022-07-22 16:35:16,overcast clouds,-34.0033,24.7314,58.89,73,100,4.79
125,Hasaki,JP,2022-07-22 16:35:17,scattered clouds,35.7333,140.8333,77.29,90,31,18.41
126,Nyurba,RU,2022-07-22 16:33:13,overcast clouds,63.2842,118.3319,62.83,79,100,3.78
127,Sokoto,NG,2022-07-22 16:35:17,overcast clouds,13.0609,5.239,92.95,41,100,4.94
128,Santa Cecilia,BR,2022-07-22 16:35:18,broken clouds,-26.9608,-50.4269,72.45,47,60,4.43
129,Los Llanos De Aridane,ES,2022-07-22 16:35:18,few clouds,28.6585,-17.9182,72.97,71,13,11.92
130,Bredasdorp,ZA,2022-07-22 16:35:18,overcast clouds,-34.5322,20.0403,54.36,64,100,7.85
131,Bowen,AU,2022-07-22 16:35:19,clear sky,-20.0167,148.2333,58.57,62,0,5.88
132,Aklavik,CA,2022-07-22 16:35:19,broken clouds,68.2191,-135.0107,68.02,49,56,3.98
133,Rameswaram,IN,2022-07-22 16:35:19,overcast clouds,9.2833,79.3,81.68,83,93,17.74
134,Constitucion,CL,2022-07-22 16:35:20,overcast clouds,-35.3333,-72.4167,59.63,74,99,8.99
135,Talaya,RU,2022-07-22 16:35:20,clear sky,61.3833,152.75,45.7,79,2,1.25
136,Faanui,PF,2022-07-22 16:31:05,few clouds,-16.4833,-151.75,77.65,74,13,10.29
137,Illescas,ES,2022-07-22 16:36:20,overcast clouds,40.1221,-3.847,103.6,9,86,14.47
138,Zhigansk,RU,2022-07-22 16:36:21,overcast clouds,66.7697,123.3711,51.93,94,97,7.78
139,Vila Velha,BR,2022-07-22 16:36:21,clear sky,-20.3297,-40.2925,78.94,70,2,1.01
140,Broome,US,2022-07-22 16:36:22,clear sky,42.2506,-75.833,87.17,54,3,7.0
141,Sharjah,AE,2022-07-22 16:36:22,broken clouds,25.3573,55.4033,96.22,59,66,11.77
142,Bandarbeyla,SO,2022-07-22 16:36:22,overcast clouds,9.4942,50.8122,77.74,80,97,33.11
143,Kaeo,NZ,2022-07-22 16:36:23,broken clouds,-35.1,173.7833,48.33,92,84,8.72
144,Raudeberg,NO,2022-07-22 16:36:23,broken clouds,61.9875,5.1352,53.96,80,69,25.77
145,Boa Vista,BR,2022-07-22 16:36:23,scattered clouds,2.8197,-60.6733,85.44,66,47,6.89
146,Astana,KZ,2022-07-22 16:36:24,broken clouds,51.1801,71.446,63.73,61,58,6.85
147,Pevek,RU,2022-07-22 16:36:24,overcast clouds,69.7008,170.3133,31.62,90,100,2.21
148,Victoria,HK,2022-07-22 16:34:24,clear sky,22.2855,114.1577,89.19,81,3,10.0
149,Tezu,IN,2022-07-22 16:36:25,overcast clouds,27.9167,96.1667,77.23,74,100,3.29
150,Sitka,US,2022-07-22 16:36:25,overcast clouds,57.0531,-135.33,56.41,77,93,3.83
151,Russell,US,2022-07-22 16:36:25,overcast clouds,32.3502,-85.1999,90.91,48,100,5.88
152,Mabaruma,GY,2022-07-22 16:36:26,broken clouds,8.2,-59.7833,86.5,59,52,6.82
153,Las Lomas,PA,2022-07-22 16:36:26,overcast clouds,8.4333,-82.4,83.19,71,86,6.87
154,Kathmandu,NP,2022-07-22 16:36:26,very heavy rain,27.7167,85.3167,69.82,94,100,1.77
155,Georgetown,MY,2022-07-22 16:32:14,broken clouds,5.4112,100.3354,76.89,96,69,3.42
156,Ilhabela,BR,2022-07-22 16:36:27,scattered clouds,-23.7781,-45.3581,75.6,61,26,4.52
157,Taywarah,AF,2022-07-22 16:36:27,few clouds,33.35,64.4167,70.7,18,18,2.01
158,Niquero,CU,2022-07-22 16:36:28,clear sky,20.0431,-77.5828,87.66,60,9,3.71
159,Ancud,CL,2022-07-22 16:36:28,moderate rain,-41.8697,-73.8203,40.23,96,100,11.5
160,Maniwaki,CA,2022-07-22 16:36:28,few clouds,46.3834,-75.966,82.02,38,16,8.34
161,Westport,US,2022-07-22 16:36:28,clear sky,41.1415,-73.3579,94.17,52,0,3.0
162,Salalah,OM,2022-07-22 16:36:29,overcast clouds,17.0151,54.0924,77.88,88,100,6.69
163,Vallenar,CL,2022-07-22 16:36:29,few clouds,-28.5708,-70.7581,68.74,52,24,3.44
164,Sao Joao Do Piaui,BR,2022-07-22 16:36:30,overcast clouds,-8.3581,-42.2467,92.62,27,100,10.07
165,Bambous Virieux,MU,2022-07-22 16:36:30,light rain,-20.3428,57.7575,71.22,76,36,17.58
166,Dangriga,BZ,2022-07-22 16:36:30,overcast clouds,16.9692,-88.2321,79.2,85,99,19.37
167,Mar Del Plata,AR,2022-07-22 16:35:32,light rain,-38.0023,-57.5575,52.95,63,100,1.99
168,Shannon,IE,2022-07-22 16:36:31,overcast clouds,52.7039,-8.8642,69.13,53,95,4.74
169,Teguise,ES,2022-07-22 16:36:31,broken clouds,29.0605,-13.564,71.8,80,62,18.7
170,Noumea,NC,2022-07-22 16:36:32,broken clouds,-22.2763,166.4572,77.0,99,54,6.8
171,Mumford,GH,2022-07-22 16:36:32,scattered clouds,5.2618,-0.759,76.48,78,50,12.62
172,Istanbul,TR,2022-07-22 16:33:58,clear sky,41.0351,28.9833,78.06,39,0,10.69
173,Trairi,BR,2022-07-22 16:32:19,overcast clouds,-3.2778,-39.2689,85.57,57,95,13.22
174,Onega,RU,2022-07-22 16:36:32,light rain,63.9061,38.1404,72.54,65,68,8.52
175,Javornik,CZ,2022-07-22 16:36:33,clear sky,50.3908,17.0027,85.35,51,0,4.43
176,Eenhana,NA,2022-07-22 16:36:33,clear sky,-17.4667,16.3333,68.27,22,0,5.23
177,Kaliua,TZ,2022-07-22 16:36:33,few clouds,-5.0606,31.7936,74.34,34,14,5.39
178,Kiama,AU,2022-07-22 16:33:59,broken clouds,-34.6833,150.8667,60.01,93,67,1.01
179,Hella,NO,2022-07-22 16:36:34,overcast clouds,67.2,14.4333,52.88,86,99,14.79
180,El Sauzal,MX,2022-07-22 16:36:34,broken clouds,31.9,-116.6833,70.41,81,59,7.23
181,Sosnovo-Ozerskoye,RU,2022-07-22 16:37:34,broken clouds,52.5249,111.5418,66.31,72,68,9.66
182,Cherskiy,RU,2022-07-22 16:37:35,few clouds,68.75,161.3,33.94,87,24,5.48
183,Vila Franca Do Campo,PT,2022-07-22 16:37:35,overcast clouds,37.7167,-25.4333,75.54,66,96,2.64
184,Katsuura,JP,2022-07-22 16:37:35,scattered clouds,35.1333,140.3,78.98,85,34,18.48
185,Yumen,CN,2022-07-22 16:37:36,clear sky,40.2833,97.2,78.04,14,0,11.59
186,Nanortalik,GL,2022-07-22 16:37:36,scattered clouds,60.1432,-45.2371,48.06,81,38,5.44
187,Barrow,US,2022-07-22 16:32:40,overcast clouds,71.2906,-156.7887,34.38,89,100,11.23
188,Yarensk,RU,2022-07-22 16:37:37,broken clouds,62.1675,49.0916,65.7,58,78,4.61
189,Vostok,RU,2022-07-22 16:35:56,heavy intensity rain,46.4856,135.8833,57.15,97,96,3.11
190,Adrar,MR,2022-07-22 16:33:36,light rain,20.5022,-10.0711,98.38,28,59,3.0
191,Boca Do Acre,BR,2022-07-22 16:37:37,few clouds,-8.7522,-67.3978,94.89,34,11,1.92
192,Alice Springs,AU,2022-07-22 16:37:37,clear sky,-23.7,133.8833,52.7,33,0,4.38
193,Ponta Delgada,PT,2022-07-22 16:37:38,overcast clouds,37.7333,-25.6667,74.46,69,99,0.87
194,Elliot Lake,CA,2022-07-22 16:32:46,broken clouds,46.3834,-82.6331,77.81,44,58,11.79
195,Sao Felix Do Xingu,BR,2022-07-22 16:37:38,broken clouds,-6.6447,-51.995,96.37,20,60,3.65
196,Kaitangata,NZ,2022-07-22 16:37:38,broken clouds,-46.2817,169.8464,38.68,92,84,4.68
197,Sibolga,ID,2022-07-22 16:37:39,overcast clouds,1.7427,98.7792,76.69,90,86,4.18
198,Muros,ES,2022-07-22 16:37:39,clear sky,42.7762,-9.0603,81.16,57,10,15.12
199,Kyaikto,MM,2022-07-22 16:37:39,overcast clouds,17.3,97.0167,76.39,91,98,2.64
200,Male,MV,2022-07-22 16:32:52,overcast clouds,4.1748,73.5089,82.04,76,100,18.25
201,Mlonggo,ID,2022-07-22 16:37:40,overcast clouds,-6.5333,110.7,77.95,84,87,5.14
202,Araouane,ML,2022-07-22 16:37:40,clear sky,18.9048,-3.5265,101.62,25,5,6.96
203,Walvis Bay,NA,2022-07-22 16:37:40,clear sky,-22.9575,14.5053,63.09,52,0,16.82
204,Hobyo,SO,2022-07-22 16:37:41,broken clouds,5.3505,48.5268,76.73,82,71,22.46
205,Kavieng,PG,2022-07-22 16:37:41,light rain,-2.5744,150.7967,81.7,78,39,10.31
206,Puerto Del Rosario,ES,2022-07-22 16:37:41,scattered clouds,28.5004,-13.8627,78.76,71,29,16.6
207,Kibala,TD,2022-07-22 16:37:43,light rain,9.1104,18.3463,74.91,88,100,4.56
208,College,US,2022-07-22 16:36:43,overcast clouds,64.8569,-147.8028,52.59,89,100,1.01
209,Cyangugu,RW,2022-07-22 16:37:43,overcast clouds,-2.4846,28.9075,64.4,63,85,2.89
210,Saint Anthony,US,2022-07-22 16:37:43,clear sky,45.0205,-93.218,87.93,46,2,1.01
211,Marzuq,YE,2022-07-22 16:37:44,few clouds,14.4,46.4667,80.56,54,14,10.6
212,Mount Darwin,ZW,2022-07-22 16:37:44,broken clouds,-16.7725,31.5838,62.49,51,73,4.59
213,Slavyanka,RU,2022-07-22 16:37:45,overcast clouds,42.8633,131.3847,64.18,96,93,4.0
214,Maldonado,UY,2022-07-22 16:37:45,scattered clouds,-34.6667,-54.9167,59.23,67,27,2.24
215,Kannangad,IN,2022-07-22 16:35:00,light rain,12.3081,75.1063,78.12,87,100,7.56
216,Beyneu,KZ,2022-07-22 16:37:45,broken clouds,45.3167,55.2,89.44,30,64,18.43
217,Samarai,PG,2022-07-22 16:37:46,scattered clouds,-10.6167,150.6667,79.59,81,33,5.61
218,Cidreira,BR,2022-07-22 16:37:46,light rain,-30.1811,-50.2056,68.76,82,92,4.34
219,Saint-Philippe,RE,2022-07-22 16:37:46,light rain,-21.3585,55.7679,67.21,81,35,14.23
220,Sinnamary,GF,2022-07-22 16:37:46,few clouds,5.3833,-52.95,83.16,71,14,6.85
221,Emba,KZ,2022-07-22 16:37:47,broken clouds,48.8264,58.1442,79.36,39,84,9.35
222,Nantucket,US,2022-07-22 16:34:22,few clouds,41.2835,-70.0995,84.0,79,14,5.88
223,Fortuna,US,2022-07-22 16:37:47,broken clouds,40.5982,-124.1573,59.94,88,69,1.99
224,Bud,US,2022-07-22 16:37:48,few clouds,39.447,-86.1758,89.02,54,14,7.18
225,Turayf,SA,2022-07-22 16:37:48,clear sky,31.6725,38.6637,91.96,16,0,13.85
226,Porto Belo,BR,2022-07-22 16:37:48,scattered clouds,-27.1578,-48.5531,73.09,75,39,8.93
227,Klaksvik,FO,2022-07-22 16:37:49,overcast clouds,62.2266,-6.589,51.84,85,99,9.78
228,Isla Mujeres,MX,2022-07-22 16:38:49,few clouds,21.2311,-86.731,87.17,68,21,11.54
229,Marawi,PH,2022-07-22 16:38:49,light rain,7.9986,124.2928,69.48,94,95,2.46
230,Prince Rupert,CA,2022-07-22 16:35:56,overcast clouds,54.3161,-130.3201,58.8,75,98,4.16
231,Ulladulla,AU,2022-07-22 16:35:49,broken clouds,-35.35,150.4667,51.22,87,70,4.14
232,Nome,US,2022-07-22 16:36:02,light rain,64.5011,-165.4064,45.16,98,100,11.99
233,Alyangula,AU,2022-07-22 16:38:50,overcast clouds,-13.8483,136.4192,63.18,68,88,7.67
234,Fairbanks,US,2022-07-22 16:37:01,overcast clouds,64.8378,-147.7164,52.61,89,100,1.01
235,Batsfjord,NO,2022-07-22 16:38:50,broken clouds,70.6345,29.7185,55.49,78,83,17.72
236,Lagoa,PT,2022-07-22 16:38:51,overcast clouds,39.05,-27.9833,72.73,86,100,8.84
237,Cookeville,US,2022-07-22 16:35:43,clear sky,36.1628,-85.5016,88.57,79,0,1.99
238,Talnakh,RU,2022-07-22 16:38:51,broken clouds,69.4865,88.3972,65.21,62,74,5.53
239,Ciudad Bolivar,VE,2022-07-22 16:35:26,broken clouds,8.1222,-63.5497,90.34,49,79,12.68
240,Dingle,PH,2022-07-22 16:38:52,broken clouds,10.9995,122.6711,77.0,90,75,4.5
241,Goderich,CA,2022-07-22 16:38:52,clear sky,43.7501,-81.7165,74.91,75,0,6.71
242,Matay,EG,2022-07-22 16:38:52,clear sky,28.419,30.7792,93.96,21,2,9.08
243,Tungor,RU,2022-07-22 16:38:53,overcast clouds,53.3808,142.9564,51.21,92,97,8.32
244,Meulaboh,ID,2022-07-22 16:38:53,overcast clouds,4.1363,96.1285,76.3,87,100,5.97
245,Vammala,FI,2022-07-22 16:38:53,few clouds,61.3333,22.9,75.27,72,18,4.43
246,Yerbogachen,RU,2022-07-22 16:38:54,overcast clouds,61.2767,108.0108,62.08,69,100,5.14
247,La Ronge,CA,2022-07-22 16:38:54,overcast clouds,55.1001,-105.2842,53.55,73,100,2.44
248,Marmaris,TR,2022-07-22 16:38:54,clear sky,36.855,28.2742,82.98,46,0,4.63
249,Srednekolymsk,RU,2022-07-22 16:38:55,broken clouds,67.45,153.6833,42.64,76,55,11.07
250,Nybro,SE,2022-07-22 16:38:55,broken clouds,56.7446,15.9071,75.24,46,73,9.31
251,Komsomolskiy,UZ,2022-07-22 16:38:55,clear sky,40.4272,71.7189,89.89,12,0,4.81
252,Mitsamiouli,KM,2022-07-22 16:38:56,light rain,-11.3847,43.2844,75.69,73,45,7.02
253,Along,IN,2022-07-22 16:38:56,overcast clouds,28.1667,94.7667,74.97,94,100,0.94
254,Road Town,VG,2022-07-22 16:38:56,clear sky,18.4167,-64.6167,81.66,72,10,20.6
255,Aleksandrov Gay,RU,2022-07-22 16:38:57,scattered clouds,50.147,48.5704,75.65,38,30,10.29
256,Oistins,BB,2022-07-22 16:37:40,scattered clouds,13.0667,-59.5333,84.51,66,32,16.35
257,Yishui,CN,2022-07-22 16:38:57,heavy intensity rain,35.7847,118.6281,72.45,91,100,4.85
258,Ishinomaki,JP,2022-07-22 16:38:57,overcast clouds,38.4167,141.3,72.72,97,89,3.11
259,Auki,SB,2022-07-22 16:38:58,overcast clouds,-8.7676,160.7034,75.81,85,93,4.16
260,Mantua,IT,2022-07-22 16:38:58,few clouds,45.1667,10.7833,99.09,15,11,6.87
261,Athabasca,CA,2022-07-22 16:37:11,scattered clouds,54.7169,-113.2854,62.22,61,30,8.57
262,Fort Frances,CA,2022-07-22 16:38:59,clear sky,48.5999,-93.4003,78.17,60,7,12.5
263,San Cristobal,VE,2022-07-22 16:38:59,overcast clouds,7.7669,-72.225,83.88,43,100,8.23
264,Castlemaine,AU,2022-07-22 16:38:59,light rain,-37.0667,144.2167,50.99,86,100,9.4
265,Alta Floresta,BR,2022-07-22 16:39:00,clear sky,-9.8756,-56.0861,96.26,19,0,4.09
266,Yulara,AU,2022-07-22 16:39:00,overcast clouds,-25.2406,130.9889,59.38,32,90,8.01
267,Gari,RU,2022-07-22 16:39:00,scattered clouds,59.4307,62.3497,56.37,59,50,6.11
268,Moose Factory,CA,2022-07-22 16:39:01,broken clouds,51.2585,-80.6094,73.96,62,63,11.43
269,Oranjemund,NA,2022-07-22 16:39:01,scattered clouds,-28.55,16.4333,55.9,85,41,9.51
270,Cabo San Lucas,MX,2022-07-22 16:39:01,overcast clouds,22.8909,-109.9124,86.25,60,91,5.28
271,Inhambane,MZ,2022-07-22 16:40:02,clear sky,-23.865,35.3833,67.12,82,1,5.88
272,Ossora,RU,2022-07-22 16:40:02,clear sky,59.2353,163.0719,51.78,73,0,2.51
273,Casas Grandes,MX,2022-07-22 16:40:02,broken clouds,30.3667,-107.95,79.45,54,80,3.38
274,Husavik,IS,2022-07-22 16:40:03,broken clouds,66.0449,-17.3389,51.94,81,63,6.51
275,Cordoba,AR,2022-07-22 16:35:37,clear sky,-31.4135,-64.1811,71.76,40,0,1.01
276,Nacala,MZ,2022-07-22 16:40:04,clear sky,-14.5428,40.6728,71.49,74,1,7.49
277,Port Hardy,CA,2022-07-22 16:40:04,overcast clouds,50.6996,-127.4199,57.81,86,96,6.35
278,Panguiranan,PH,2022-07-22 16:40:05,overcast clouds,12.0699,123.3185,80.53,84,89,9.26
279,Nokaneng,BW,2022-07-22 16:40:05,broken clouds,-19.6667,22.2667,65.12,41,52,4.34
280,Palana,RU,2022-07-22 16:40:05,clear sky,59.1167,159.9667,46.27,78,0,4.54
281,Ivanava,BY,2022-07-22 16:40:06,clear sky,52.1451,25.5365,77.95,59,0,3.22
282,Lapua,FI,2022-07-22 16:40:06,overcast clouds,62.9693,23.0088,63.1,69,100,3.98
283,Vao,NC,2022-07-22 16:39:59,light rain,-22.6667,167.4833,74.5,87,91,22.57
284,Hofn,IS,2022-07-22 16:40:07,overcast clouds,64.2539,-15.2082,52.59,88,91,5.32
285,Chokurdakh,RU,2022-07-22 16:40:07,broken clouds,70.6333,147.9167,38.66,78,77,12.55
286,Tongzi,CN,2022-07-22 16:40:07,overcast clouds,28.7829,105.0877,67.42,92,100,1.97
287,Narsaq,GL,2022-07-22 16:40:08,broken clouds,60.9167,-46.05,55.58,59,59,6.51
288,Morant Bay,JM,2022-07-22 16:40:08,clear sky,17.8815,-76.4093,90.72,68,4,12.93
289,Chuy,UY,2022-07-22 16:40:08,overcast clouds,-33.6971,-53.4616,60.01,83,100,3.15
290,Sao Filipe,CV,2022-07-22 16:40:09,broken clouds,14.8961,-24.4956,75.83,80,72,6.73
291,Mount Gambier,AU,2022-07-22 16:40:09,light rain,-37.8333,140.7667,50.85,97,100,8.9
292,Boulsa,BF,2022-07-22 16:40:09,moderate rain,12.6675,-0.5758,87.89,52,58,3.06
293,Burnie,AU,2022-07-22 16:40:10,light rain,-41.0667,145.9167,54.91,85,100,14.12
294,Rubik,AL,2022-07-22 16:40:10,clear sky,41.7744,19.7861,86.76,43,0,3.65
295,Touros,BR,2022-07-22 16:36:59,overcast clouds,-5.1989,-35.4608,82.2,68,92,15.03
296,Imperia,IT,2022-07-22 16:40:11,clear sky,43.9667,7.7833,88.0,69,5,5.1
297,Dudinka,RU,2022-07-22 16:40:11,broken clouds,69.4058,86.1778,65.62,68,72,8.19
298,Karlstad,SE,2022-07-22 16:40:12,moderate rain,59.3793,13.5036,60.89,92,98,12.77
299,Ribeira Grande,PT,2022-07-22 16:40:12,overcast clouds,38.5167,-28.7,74.17,82,89,5.5
300,Chapais,CA,2022-07-22 16:40:12,scattered clouds,49.7834,-74.8492,71.11,58,49,12.57
301,Artesia,US,2022-07-22 16:40:09,scattered clouds,33.8658,-118.0831,78.01,76,37,1.99
302,Moron,AR,2022-07-22 16:40:13,clear sky,-34.6534,-58.6198,65.01,79,1,4.45
303,Camopi,GF,2022-07-22 16:37:03,few clouds,3.1655,-52.3158,90.93,47,19,3.13
304,Manzanillo,CU,2022-07-22 16:40:13,clear sky,20.3433,-77.1167,91.62,51,5,3.06
305,Olinda,BR,2022-07-22 16:40:14,broken clouds,-8.0089,-34.8553,78.51,77,82,13.91
306,Kumluca,TR,2022-07-22 16:40:14,clear sky,36.3703,30.2869,85.03,46,0,8.43
307,Griffith,US,2022-07-22 16:40:14,clear sky,41.5284,-87.4237,89.06,43,7,3.11
308,Maragogi,BR,2022-07-22 16:35:29,broken clouds,-9.0122,-35.2225,78.26,78,79,11.27
309,Bom Despacho,BR,2022-07-22 16:38:02,few clouds,-19.7364,-45.2522,81.19,28,22,4.54
310,Lamas,PE,2022-07-22 16:40:15,broken clouds,-6.4167,-76.5333,83.5,45,51,3.27
311,Port Lincoln,AU,2022-07-22 16:40:16,overcast clouds,-34.7333,135.8667,53.04,65,86,6.04
312,Dubbo,AU,2022-07-22 16:40:16,broken clouds,-32.25,148.6167,46.94,91,59,8.28
313,Zlitan,LY,2022-07-22 16:40:17,clear sky,32.4674,14.5687,82.47,54,0,11.39
314,Miri,MY,2022-07-22 16:38:15,overcast clouds,4.4148,114.0089,77.29,89,100,4.0
315,Torbay,CA,2022-07-22 16:41:17,overcast clouds,47.6666,-52.7314,77.88,63,97,9.48
316,Whyalla,AU,2022-07-22 16:41:17,overcast clouds,-33.0333,137.5833,56.89,67,99,9.51
317,Naze,JP,2022-07-22 16:41:18,broken clouds,28.3667,129.4833,78.21,85,68,7.43
318,Shitkino,RU,2022-07-22 16:41:18,broken clouds,56.3703,98.3543,59.32,97,83,3.44
319,Kapoeta,SS,2022-07-22 16:41:18,broken clouds,4.7717,33.5903,85.06,38,68,8.41
320,Beroroha,MG,2022-07-22 16:41:19,clear sky,-21.6667,45.1667,70.86,40,0,8.32
321,Dong Hoi,VN,2022-07-22 16:39:39,overcast clouds,17.4833,106.6,80.1,86,92,3.42
322,Bilma,NE,2022-07-22 16:41:19,broken clouds,18.6853,12.9164,95.95,26,66,19.08
323,Maningrida,AU,2022-07-22 16:41:20,broken clouds,-12.0667,134.2667,56.77,71,63,7.87
324,Biloela,AU,2022-07-22 16:41:20,overcast clouds,-24.4167,150.5,57.24,79,98,12.01
325,Guerrero Negro,MX,2022-07-22 16:40:46,clear sky,27.9769,-114.0611,73.89,64,6,19.28
326,Juba,SS,2022-07-22 16:41:21,light rain,4.8517,31.5825,78.28,66,72,3.96
327,Wheeling,US,2022-07-22 16:41:21,clear sky,42.1392,-87.929,88.99,42,3,1.01
328,Srandakan,ID,2022-07-22 16:41:21,broken clouds,-7.9386,110.2506,74.84,84,80,5.1
329,Zyryanskoye,RU,2022-07-22 16:41:22,light rain,56.8306,86.6258,57.07,97,95,10.0
330,Yarmolyntsi,UA,2022-07-22 16:41:22,clear sky,49.1924,26.8373,77.65,42,0,10.6
331,Fonte Boa,BR,2022-07-22 16:41:23,broken clouds,-2.4959,-66.2662,81.09,87,65,3.06
332,Port Hedland,AU,2022-07-22 16:41:23,clear sky,-20.3167,118.5667,71.91,84,0,10.4
333,Pacific Grove,US,2022-07-22 16:41:21,clear sky,36.6177,-121.9166,62.28,94,4,15.99
334,Ilulissat,GL,2022-07-22 16:41:24,light rain,69.2167,-51.1,42.89,96,100,6.6
335,Mnogovershinnyy,RU,2022-07-22 16:41:24,overcast clouds,53.9353,139.9242,48.88,77,85,4.34
336,Droitwich,GB,2022-07-22 16:41:24,overcast clouds,52.2667,-2.15,70.68,86,93,9.37
337,Khamamatyurt,RU,2022-07-22 16:41:25,broken clouds,43.6081,46.5006,70.77,60,75,4.9
338,Agapovka,RU,2022-07-22 16:41:25,broken clouds,53.2973,59.1348,63.54,66,53,3.58
339,Makakilo City,US,2022-07-22 16:41:25,clear sky,21.3469,-158.0858,75.18,79,6,13.94
340,Olkhovatka,RU,2022-07-22 16:41:26,overcast clouds,50.2831,39.2872,60.42,85,97,3.96
341,Frederikshavn,DK,2022-07-22 16:41:26,broken clouds,57.4407,10.5366,63.68,81,77,6.69
342,Beringovskiy,RU,2022-07-22 16:41:26,overcast clouds,63.05,179.3167,49.69,68,100,8.57
343,Madang,PG,2022-07-22 16:41:27,clear sky,-5.2246,145.7966,75.42,91,10,3.0
344,Sehithwa,BW,2022-07-22 16:41:27,broken clouds,-20.4667,22.7167,68.11,38,74,5.7
345,Emerald,AU,2022-07-22 16:41:27,broken clouds,-23.5333,148.1667,53.35,83,60,10.76
346,Ostersund,SE,2022-07-22 16:41:28,overcast clouds,63.1792,14.6357,57.61,64,100,1.99
347,Antalaha,MG,2022-07-22 16:41:28,light rain,-14.9003,50.2788,67.71,85,18,8.16
348,Ust-Tsilma,RU,2022-07-22 16:41:28,broken clouds,65.441,52.1498,60.08,43,55,4.68
349,Udachnyy,RU,2022-07-22 16:41:29,broken clouds,66.4167,112.4,52.45,93,58,1.14
350,Airai,TL,2022-07-22 16:41:29,broken clouds,-8.9266,125.4092,52.25,77,78,2.28
351,Reconquista,AR,2022-07-22 16:41:30,light rain,-29.15,-59.65,74.34,60,100,9.24
352,Victorville,US,2022-07-22 16:41:30,scattered clouds,34.5361,-117.2912,96.06,11,30,4.0
353,Yichang,CN,2022-07-22 16:41:30,overcast clouds,30.7144,111.2847,77.07,97,99,3.36
354,Empangeni,ZA,2022-07-22 16:41:31,clear sky,-28.762,31.8933,66.29,79,0,9.1
355,Sunnyside,US,2022-07-22 16:41:31,clear sky,46.3237,-120.0087,82.99,45,0,3.44
356,Kastornoye,RU,2022-07-22 16:41:31,light rain,51.8334,38.1302,60.1,91,88,10.4
357,Meadow Lake,US,2022-07-22 16:40:54,broken clouds,34.8014,-106.5436,90.7,33,55,5.21
358,Kloulklubed,PW,2022-07-22 16:40:48,broken clouds,7.0419,134.2556,83.34,74,63,10.58
359,Francisco Sa,BR,2022-07-22 16:42:32,clear sky,-16.4758,-43.4883,84.25,27,0,7.85
360,Collie,AU,2022-07-22 16:42:32,broken clouds,-33.3667,116.15,52.03,96,70,6.46
361,Uige,AO,2022-07-22 16:42:33,broken clouds,-7.6087,15.0613,82.35,34,76,6.04
362,Svetlyy,RU,2022-07-22 16:42:33,scattered clouds,54.675,20.1347,73.96,78,28,10.4
363,Hovd,MN,2022-07-22 16:42:33,light rain,48.0056,91.6419,69.76,36,100,8.57
364,Clyde River,CA,2022-07-22 16:40:42,broken clouds,70.4692,-68.5914,53.73,54,75,3.8
365,Ganganagar,IN,2022-07-22 16:42:34,overcast clouds,29.9167,73.8833,87.78,70,100,4.14
366,Longyearbyen,SJ,2022-07-22 16:40:21,overcast clouds,78.2186,15.6401,47.34,92,100,2.39
367,Kamarion,GR,2022-07-22 16:42:34,clear sky,36.8,25.8167,73.08,67,0,26.33
368,Onda,ES,2022-07-22 16:42:34,few clouds,39.9667,-0.25,93.15,47,23,8.75
369,Kandrian,PG,2022-07-22 16:42:35,light rain,-6.2167,149.55,76.66,87,95,2.86
370,Lima,PE,2022-07-22 16:41:37,scattered clouds,-12.0432,-77.0282,63.43,74,47,6.13
371,Jacksonville,US,2022-07-22 16:42:32,clear sky,30.3322,-81.6556,95.11,66,0,4.61
372,Voyvozh,RU,2022-07-22 16:42:35,clear sky,62.892,54.9635,56.14,48,9,3.47
373,Gusau,NG,2022-07-22 16:42:36,overcast clouds,12.1628,6.6614,87.46,55,97,3.83
374,Maniitsoq,GL,2022-07-22 16:42:36,overcast clouds,65.4167,-52.9,44.96,89,96,5.5
375,Granadilla De Abona,ES,2022-07-22 16:42:36,clear sky,28.1188,-16.576,81.03,57,0,24.16
376,Vestmannaeyjar,IS,2022-07-22 16:42:37,overcast clouds,63.4427,-20.2734,51.44,94,100,9.04
377,Waipawa,NZ,2022-07-22 16:42:37,scattered clouds,-41.4122,175.5153,39.51,74,44,4.0
378,Ukiah,US,2022-07-22 16:42:37,clear sky,39.1502,-123.2078,87.44,24,0,3.85
379,Rio Branco Do Sul,BR,2022-07-22 16:41:08,few clouds,-25.19,-49.3142,80.22,48,13,3.85
380,Dzaoudzi,YT,2022-07-22 16:42:38,scattered clouds,-12.7887,45.2699,75.09,78,40,4.61
381,Portree,GB,2022-07-22 16:42:38,overcast clouds,57.4129,-6.1942,59.52,83,100,1.52
382,Codrington,AU,2022-07-22 16:41:17,light rain,-38.2667,141.9667,51.15,91,100,7.27
383,Iquique,CL,2022-07-22 16:42:38,clear sky,-20.2208,-70.1431,64.26,66,4,6.26
384,Tasiilaq,GL,2022-07-22 16:38:00,broken clouds,65.6145,-37.6368,40.98,75,67,4.56
385,Cody,US,2022-07-22 16:42:39,few clouds,44.5263,-109.0565,85.01,27,17,1.01
386,Sur,OM,2022-07-22 16:42:39,broken clouds,22.5667,59.5289,89.04,64,83,8.43
387,Lucapa,AO,2022-07-22 16:42:40,broken clouds,-8.4192,20.7447,81.43,22,74,3.6
388,Dinghai,CN,2022-07-22 16:42:40,scattered clouds,26.2847,119.7936,80.17,91,34,3.18
389,Olavarria,AR,2022-07-22 16:42:40,overcast clouds,-36.8927,-60.3225,55.02,51,100,5.1
390,Ha Tinh,VN,2022-07-22 16:42:40,broken clouds,18.3333,105.9,78.31,88,75,3.22
391,Tabuk,PH,2022-07-22 16:42:41,clear sky,17.4189,121.4443,76.06,92,6,2.06
392,Coquimbo,CL,2022-07-22 16:42:41,few clouds,-29.9533,-71.3436,58.51,81,17,3.8
393,Poum,NC,2022-07-22 16:42:41,scattered clouds,-20.2333,164.0167,77.25,90,41,19.39
394,Pisco,PE,2022-07-22 16:42:42,clear sky,-13.7,-76.2167,65.57,67,1,7.0
395,Garowe,SO,2022-07-22 16:42:42,overcast clouds,8.4054,48.4845,83.32,45,96,22.28
396,Ahipara,NZ,2022-07-22 16:42:42,broken clouds,-35.1667,173.1667,48.54,86,77,7.02
397,Roald,NO,2022-07-22 16:42:43,scattered clouds,62.5833,6.1333,61.16,83,47,22.88
398,Guiratinga,BR,2022-07-22 16:42:43,few clouds,-16.3494,-53.7583,90.91,22,11,6.73
399,Blackwater,AU,2022-07-22 16:42:43,scattered clouds,-23.5833,148.8833,56.48,85,49,9.33
400,Caravelas,BR,2022-07-22 16:42:44,scattered clouds,-17.7125,-39.2481,76.84,69,40,5.88
401,Igunga,TZ,2022-07-22 16:42:44,scattered clouds,-4.2833,33.8833,79.11,31,31,6.73
402,Ankazobe,MG,2022-07-22 16:42:44,broken clouds,-18.3167,47.1167,53.42,82,68,8.03
403,Songea,TZ,2022-07-22 16:42:45,broken clouds,-10.6833,35.65,65.55,63,75,3.44
404,Yebaishou,CN,2022-07-22 16:43:45,overcast clouds,41.3975,119.6408,70.66,84,100,1.32
405,Binzhou,CN,2022-07-22 16:43:45,overcast clouds,37.3667,118.0167,73.53,83,100,6.15
406,Basqal,AZ,2022-07-22 16:43:46,broken clouds,40.7552,48.391,70.12,61,58,8.72
407,Paredon,MX,2022-07-22 16:43:46,overcast clouds,16.0333,-93.8667,84.16,72,96,4.43
408,Asosa,ET,2022-07-22 16:43:46,overcast clouds,10.0667,34.5333,61.77,93,87,1.74
409,Burns Lake,CA,2022-07-22 16:40:05,overcast clouds,54.2331,-125.7533,64.22,55,98,3.42
410,Khvorostyanka,RU,2022-07-22 16:43:47,broken clouds,52.6096,48.9597,63.25,93,83,5.12
411,Liyang,CN,2022-07-22 16:43:47,broken clouds,29.7057,118.2862,80.94,81,59,2.21
412,Oranjestad,AW,2022-07-22 16:43:47,overcast clouds,12.524,-70.027,81.0,82,89,23.31
413,Kontagora,NG,2022-07-22 16:43:47,moderate rain,10.3999,5.4695,78.82,84,87,1.61
414,Socuellamos,ES,2022-07-22 16:43:48,light rain,39.2858,-2.7921,98.37,9,40,7.99
415,Isangel,VU,2022-07-22 16:43:48,overcast clouds,-19.55,169.2667,75.92,87,100,10.51
416,Diego De Almagro,CL,2022-07-22 16:43:48,overcast clouds,-26.3667,-70.05,68.94,27,94,5.48
417,Baijiantan,CN,2022-07-22 16:43:49,broken clouds,45.6333,85.1833,91.96,18,53,8.01
418,Darnah,LY,2022-07-22 16:43:49,clear sky,32.767,22.6367,79.7,67,0,15.17
419,Caninde,BR,2022-07-22 16:43:49,broken clouds,-4.3589,-39.3117,90.54,38,77,12.82
420,Guangyuan,CN,2022-07-22 16:43:50,scattered clouds,32.442,105.823,67.89,97,31,2.59
421,Ocos,GT,2022-07-22 16:43:50,scattered clouds,14.5094,-92.1933,82.54,73,45,6.04
422,Ola,RU,2022-07-22 16:43:50,few clouds,59.5833,151.2833,59.14,83,17,1.36
423,Umea,SE,2022-07-22 16:43:51,clear sky,63.8284,20.2597,67.93,60,0,6.91
424,Iberia,US,2022-07-22 16:43:51,light rain,29.9502,-91.7507,84.97,65,84,6.44
425,Lasa,IT,2022-07-22 16:43:51,scattered clouds,46.6166,10.7002,85.08,59,47,6.42
426,Makhinjauri,GE,2022-07-22 16:43:52,broken clouds,41.6739,41.694,69.55,73,62,7.25
427,Posevnaya,RU,2022-07-22 16:43:52,broken clouds,54.3006,83.3297,57.51,93,56,11.95
428,Mwinilunga,ZM,2022-07-22 16:43:52,broken clouds,-11.7358,24.4293,65.84,38,55,5.26
429,Coihaique,CL,2022-07-22 16:43:53,overcast clouds,-45.5752,-72.0662,30.43,89,98,2.1
430,Morgan City,US,2022-07-22 16:43:53,overcast clouds,29.6994,-91.2068,91.24,52,93,6.11
431,Monchegorsk,RU,2022-07-22 16:43:53,light rain,67.9397,32.8739,62.35,77,69,10.67
432,Brae,GB,2022-07-22 16:43:53,overcast clouds,60.3964,-1.353,53.56,72,100,10.76
433,Luena,AO,2022-07-22 16:43:54,broken clouds,-11.7833,19.9167,70.18,31,66,4.7
434,Radzyn Podlaski,PL,2022-07-22 16:43:54,scattered clouds,51.7833,22.6167,83.14,53,34,3.15
435,Berlevag,NO,2022-07-22 16:41:41,broken clouds,70.8578,29.0864,54.63,79,75,19.6
436,Halifax,CA,2022-07-22 16:39:56,overcast clouds,44.6453,-63.5724,80.53,91,85,5.01
437,Vardo,NO,2022-07-22 16:43:55,broken clouds,70.3705,31.1107,53.58,87,75,14.97
438,Labuan,MY,2022-07-22 16:43:55,overcast clouds,5.2767,115.2417,81.12,80,100,5.48
439,Tornio,FI,2022-07-22 16:43:55,overcast clouds,65.8481,24.1466,69.82,69,100,10.89
440,Doka,SD,2022-07-22 16:43:56,broken clouds,13.5167,35.7667,80.62,64,79,5.14
441,Chippewa Falls,US,2022-07-22 16:43:56,clear sky,44.9369,-91.3929,85.89,50,7,10.25
442,Defiance,US,2022-07-22 16:40:01,clear sky,41.3334,-84.45,85.21,51,9,7.85
443,Tigil,RU,2022-07-22 16:43:56,clear sky,57.8,158.6667,48.22,80,0,2.64
444,Quelimane,MZ,2022-07-22 16:43:57,scattered clouds,-17.8786,36.8883,73.35,78,40,4.61
445,Madaoua,NE,2022-07-22 16:43:57,overcast clouds,14.073,5.96,94.5,37,100,3.67
446,Le Vauclin,MQ,2022-07-22 16:43:57,clear sky,14.5452,-60.8388,85.84,68,5,16.69
447,Rondonopolis,BR,2022-07-22 16:43:58,clear sky,-16.4708,-54.6356,97.16,19,4,2.3
448,Mackay,AU,2022-07-22 16:43:58,clear sky,-21.15,149.2,59.13,75,0,9.4
449,Manjacaze,MZ,2022-07-22 16:43:58,few clouds,-24.7117,33.8828,64.45,86,12,5.55
450,Garoua,CM,2022-07-22 16:43:58,light rain,9.3,13.4,80.67,78,100,5.08
451,Karabudakhkent,RU,2022-07-22 16:43:59,broken clouds,42.7087,47.5673,68.4,70,69,3.06
452,Arroyo,ES,2022-07-22 16:44:59,clear sky,41.6096,-4.7969,95.14,19,0,10.36
453,Kemijarvi,FI,2022-07-22 16:45:00,overcast clouds,66.7131,27.4306,68.13,49,91,7.54
454,Merauke,ID,2022-07-22 16:45:00,broken clouds,-8.4667,140.3333,75.45,90,57,10.71
455,Sarkand,KZ,2022-07-22 16:41:22,scattered clouds,45.41,79.9186,76.98,30,39,7.92
456,Jumla,NP,2022-07-22 16:45:00,overcast clouds,29.2747,82.1838,64.09,96,99,0.96
457,La Huaca,PE,2022-07-22 16:45:01,clear sky,-4.9117,-80.96,77.77,50,5,7.54
458,Solnechnyy,RU,2022-07-22 16:45:01,overcast clouds,50.7214,136.6319,55.8,96,100,5.95
459,Lorengau,PG,2022-07-22 16:45:01,overcast clouds,-2.0226,147.2712,81.64,80,88,7.29
460,Reyes,BO,2022-07-22 16:45:02,scattered clouds,-14.3167,-67.3833,85.96,62,40,11.5
461,Lavrentiya,RU,2022-07-22 16:40:19,broken clouds,65.5833,-171.0,41.7,84,80,12.82
462,Komono,JP,2022-07-22 16:45:02,scattered clouds,35.0,136.5167,79.25,87,31,4.5
463,Tessalit,ML,2022-07-22 16:45:02,few clouds,20.1986,1.0114,103.12,15,19,9.66
464,Hay River,CA,2022-07-22 16:45:03,scattered clouds,60.8156,-115.7999,60.67,70,42,7.74
465,Katherine,AU,2022-07-22 16:45:03,clear sky,-14.4667,132.2667,53.92,54,5,5.75
466,Girne,CY,2022-07-22 16:43:02,clear sky,35.3417,33.3167,92.75,56,0,13.33
467,Aloleng,PH,2022-07-22 16:45:04,clear sky,16.1307,119.7824,83.39,76,4,1.61
468,Nabire,ID,2022-07-22 16:45:04,broken clouds,-3.3667,135.4833,74.88,92,71,3.76
469,Kon Tum,VN,2022-07-22 16:45:05,overcast clouds,14.35,108.0,68.76,98,100,1.66
470,Nerchinskiy Zavod,RU,2022-07-22 16:45:05,broken clouds,51.3088,119.61,65.57,81,62,6.11
471,Vagur,FO,2022-07-22 16:45:05,overcast clouds,61.4732,-6.8119,51.48,85,100,8.99
472,Butte,US,2022-07-22 16:45:06,clear sky,39.6499,-121.5677,80.38,17,0,5.64
473,Greymouth,NZ,2022-07-22 16:45:06,overcast clouds,-42.4667,171.2,43.23,86,99,8.16
474,Byron Bay,AU,2022-07-22 16:45:06,overcast clouds,-28.65,153.6167,59.94,85,98,23.47
475,Teya,RU,2022-07-22 16:45:07,light rain,60.3778,92.6267,59.05,98,98,3.96
476,Oppdal,NO,2022-07-22 16:45:07,overcast clouds,62.5943,9.6912,55.31,70,100,5.1
477,Christchurch,NZ,2022-07-22 16:43:09,overcast clouds,-43.5333,172.6333,42.58,80,87,5.59
478,Bintulu,MY,2022-07-22 16:45:08,scattered clouds,3.1667,113.0333,77.41,94,40,3.44
479,Atambua,ID,2022-07-22 16:45:08,broken clouds,-9.1061,124.8925,65.44,80,53,6.02
480,Santiago De Cao,PE,2022-07-22 16:45:08,broken clouds,-7.9589,-79.2392,64.98,77,65,9.84
481,Porto Novo,BJ,2022-07-22 16:45:08,overcast clouds,6.4965,2.6036,78.62,73,99,10.22
482,Fayaoue,NC,2022-07-22 16:43:28,overcast clouds,-20.65,166.5333,77.31,88,100,17.43
483,Tazmalt,DZ,2022-07-22 16:45:09,few clouds,36.3868,4.3989,99.28,19,19,8.03
484,Pleshanovo,RU,2022-07-22 16:45:09,broken clouds,52.8333,53.4833,68.31,57,70,8.37
485,Soe,ID,2022-07-22 16:45:10,overcast clouds,-9.8607,124.284,57.33,86,99,4.07
486,San Quintin,MX,2022-07-22 16:45:10,scattered clouds,30.4833,-115.95,72.81,69,43,13.96
487,Chiredzi,ZW,2022-07-22 16:45:10,few clouds,-21.05,31.6667,70.2,39,20,7.16
488,Pangnirtung,CA,2022-07-22 16:42:45,scattered clouds,66.1451,-65.7125,54.01,58,39,3.2
489,Goure,NE,2022-07-22 16:43:45,scattered clouds,13.9835,10.2704,93.83,36,50,6.69
490,Sterling,US,2022-07-22 16:44:11,clear sky,39.0062,-77.4286,94.17,52,0,7.0
491,Presidente Dutra,BR,2022-07-22 16:45:11,overcast clouds,-5.29,-44.49,94.82,28,99,5.55
492,Zaragoza,ES,2022-07-22 16:45:11,clear sky,41.6561,-0.8773,96.03,36,0,23.02
493,Port Shepstone,ZA,2022-07-22 16:45:12,clear sky,-30.7414,30.455,67.32,86,0,15.64
494,Andijon,UZ,2022-07-22 16:45:12,clear sky,40.7821,72.3442,81.68,10,0,2.62
495,Yangambi,CD,2022-07-22 16:45:12,overcast clouds,0.8102,24.4336,70.9,96,100,0.51
496,Nyrob,RU,2022-07-22 16:45:13,clear sky,60.733,56.7202,57.04,54,5,4.0
497,Zilair,RU,2022-07-22 16:45:13,scattered clouds,52.2332,57.4392,61.5,66,40,6.11
498,Ixtapa,MX,2022-07-22 16:45:13,broken clouds,20.7,-105.2,90.23,69,69,4.0
499,Kousseri,CM,2022-07-22 16:46:14,few clouds,12.0769,15.0306,78.76,73,20,3.44
500,Coahuayana,MX,2022-07-22 16:46:14,broken clouds,18.7333,-103.6833,90.5,59,82,4.0
501,Audincourt,FR,2022-07-22 16:46:14,broken clouds,47.4833,6.8534,88.65,49,79,3.65
502,Kieta,PG,2022-07-22 16:43:04,clear sky,-6.2167,155.6333,76.96,75,9,2.73
503,Saltillo,MX,2022-07-22 16:43:30,scattered clouds,25.4167,-101.0,82.29,36,35,4.54
504,Nha Trang,VN,2022-07-22 16:46:15,overcast clouds,12.25,109.1833,78.8,90,100,4.59
505,Rusape,ZW,2022-07-22 16:46:15,overcast clouds,-18.5278,32.1284,57.56,58,86,6.42
506,Tapiramuta,BR,2022-07-22 16:44:49,overcast clouds,-11.8472,-40.7914,75.07,49,94,7.85
507,Puerto Baquerizo Moreno,EC,2022-07-22 16:42:33,broken clouds,-0.9,-89.6,69.69,73,66,10.18
508,Kropotkin,RU,2022-07-22 16:46:16,broken clouds,45.4375,40.5756,66.92,69,66,16.98
509,Tanout,NE,2022-07-22 16:46:16,overcast clouds,14.9709,8.8879,95.74,29,87,5.37
510,Novikovo,RU,2022-07-22 16:46:17,light rain,51.1537,37.8879,60.21,90,89,11.77
511,Murchison,NZ,2022-07-22 16:46:17,broken clouds,-41.8,172.3333,36.46,84,72,1.28
512,Alugan,PH,2022-07-22 16:46:17,overcast clouds,12.2188,125.4808,80.29,83,90,0.18
513,Tolaga Bay,NZ,2022-07-22 16:46:18,overcast clouds,-38.3667,178.3,49.32,73,100,10.65
514,Rawson,AR,2022-07-22 16:46:18,overcast clouds,-43.3002,-65.1023,43.65,40,99,7.09
515,Manzil Salim,TN,2022-07-22 16:46:18,clear sky,35.8567,8.4765,95.34,16,3,10.2
516,Aragarcas,BR,2022-07-22 16:46:19,clear sky,-15.8975,-52.2508,92.05,25,0,9.22
517,Itarema,BR,2022-07-22 16:42:19,broken clouds,-2.9248,-39.9167,87.33,55,54,15.86
518,Darab,IR,2022-07-22 16:46:19,broken clouds,28.7519,54.5444,97.02,19,73,6.2
519,Marsh Harbour,BS,2022-07-22 16:46:20,clear sky,26.5412,-77.0636,84.38,69,2,13.53
520,Kiruna,SE,2022-07-22 16:46:20,few clouds,67.8557,20.2251,58.12,55,20,13.8
521,Luganville,VU,2022-07-22 16:46:20,overcast clouds,-15.5333,167.1667,77.68,86,99,8.03
522,Labuhan,ID,2022-07-22 16:46:21,scattered clouds,-6.8844,112.2051,75.94,81,50,7.02
523,Impfondo,CG,2022-07-22 16:46:21,overcast clouds,1.6381,18.0667,71.24,98,100,4.32
524,Cururupu,BR,2022-07-22 16:46:22,broken clouds,-1.8283,-44.8683,88.57,51,59,5.06
525,Shugurovo,RU,2022-07-22 16:46:22,scattered clouds,54.5083,52.1326,65.86,79,43,5.5
526,Alofi,NU,2022-07-22 16:46:22,broken clouds,-19.0595,-169.9187,64.29,100,58,1.14
527,Kysyl-Syr,RU,2022-07-22 16:46:23,few clouds,63.8986,122.7617,58.14,91,21,2.73
528,Aojiang,CN,2022-07-22 16:46:23,scattered clouds,22.9421,116.0359,81.05,87,30,4.81
529,Ranau,MY,2022-07-22 16:46:24,overcast clouds,5.9538,116.6641,69.87,97,94,1.19
530,Kayes,ML,2022-07-22 16:46:24,light rain,14.0,-11.0,84.69,66,99,6.58
531,Baker City,US,2022-07-22 16:43:53,clear sky,44.7749,-117.8344,73.6,32,0,5.26
532,Launceston,AU,2022-07-22 16:46:24,light rain,-41.45,147.1667,53.24,76,75,13.8
533,Contai,IN,2022-07-22 16:46:25,overcast clouds,21.7786,87.7536,82.63,83,100,9.08
534,Catalina,US,2022-07-22 16:46:25,overcast clouds,32.5056,-110.9211,96.08,38,100,5.99
535,San Francisco,US,2022-07-22 16:42:19,scattered clouds,37.7749,-122.4194,76.44,90,46,11.01
536,Omsukchan,RU,2022-07-22 16:46:26,clear sky,62.5333,155.8,44.22,63,2,3.38
537,Braco Do Norte,BR,2022-07-22 16:42:14,overcast clouds,-28.275,-49.1656,73.51,53,91,0.74
538,Nuuk,GL,2022-07-22 16:43:13,few clouds,64.1835,-51.7216,52.41,76,20,12.66
539,Santa Fe,AR,2022-07-22 16:41:33,scattered clouds,-31.6333,-60.7,74.01,62,30,5.99
540,Praia,CV,2022-07-22 16:45:29,scattered clouds,14.9215,-23.5087,81.14,74,40,8.05
541,Pahrump,US,2022-07-22 16:46:26,few clouds,36.2083,-115.9839,100.26,15,14,3.0
542,Margate,GB,2022-07-22 16:46:27,overcast clouds,51.3813,1.3862,66.11,73,100,4.0
543,Qaqortoq,GL,2022-07-22 16:47:27,scattered clouds,60.7167,-46.0333,51.01,72,35,4.52
544,Soyo,AO,2022-07-22 16:47:27,broken clouds,-6.1349,12.3689,70.38,80,83,7.94
545,Kadoma,JP,2022-07-22 16:47:28,broken clouds,34.7333,135.5833,78.19,66,75,3.44
546,Bidar,IN,2022-07-22 16:47:28,heavy intensity rain,17.9,77.55,71.89,93,100,8.16
547,Vilhena,BR,2022-07-22 16:47:29,few clouds,-12.7406,-60.1458,84.42,45,20,11.5
548,Talcahuano,CL,2022-07-22 16:47:29,mist,-36.7167,-73.1167,51.48,100,100,3.44
549,Mtsamboro,YT,2022-07-22 16:47:29,scattered clouds,-12.6998,45.0689,74.52,69,26,2.77
550,Arman,RU,2022-07-22 16:43:09,broken clouds,59.7,150.1667,59.02,76,84,2.3
551,Camacha,PT,2022-07-22 16:47:30,broken clouds,33.0833,-16.3333,71.02,64,75,17.27
552,Aranos,NA,2022-07-22 16:47:30,clear sky,-24.1333,19.1167,63.28,31,0,8.01
553,Aldan,RU,2022-07-22 16:45:59,broken clouds,58.6031,125.3894,64.4,79,58,6.26
554,Namibe,AO,2022-07-22 16:47:31,few clouds,-15.1961,12.1522,64.08,84,13,8.66
555,Nchelenge,ZM,2022-07-22 16:47:31,scattered clouds,-9.3451,28.734,73.13,49,27,4.27
556,Seminole,US,2022-07-22 16:47:31,clear sky,28.7086,-81.2081,93.51,62,1,1.99
557,Pimentel,PE,2022-07-22 16:47:32,broken clouds,-6.8367,-79.9342,66.24,76,56,11.39
558,Gizo,SB,2022-07-22 16:47:32,broken clouds,-8.103,156.8419,81.5,74,55,5.59
559,Kavaratti,IN,2022-07-22 16:47:32,overcast clouds,10.5669,72.642,81.1,79,100,19.13
560,Aqtobe,KZ,2022-07-22 16:47:33,clear sky,50.2797,57.2072,77.09,36,0,6.71
561,Kenitra,MA,2022-07-22 16:46:14,scattered clouds,34.261,-6.5802,86.76,50,50,9.82
562,Takoradi,GH,2022-07-22 16:47:33,overcast clouds,4.8845,-1.7554,77.43,73,85,9.89
563,Tuatapere,NZ,2022-07-22 16:42:49,scattered clouds,-46.1333,167.6833,37.49,93,47,3.87
564,Parana,AR,2022-07-22 16:47:33,few clouds,-31.732,-60.5238,73.54,63,22,9.33
565,Gurkovo,BG,2022-07-22 16:47:34,clear sky,42.6667,25.8,86.38,28,0,5.91
566,Superior,US,2022-07-22 16:47:34,clear sky,46.7208,-92.1041,84.7,41,0,17.27
567,Kangaatsiaq,GL,2022-07-22 16:47:34,light rain,68.3065,-53.4641,42.31,94,100,21.32
568,Requena,ES,2022-07-22 16:47:35,few clouds,39.4883,-1.1004,88.79,22,16,5.3
569,Henderson,US,2022-07-22 16:47:35,broken clouds,36.0397,-114.9819,102.38,14,79,5.73
570,Lazarev,RU,2022-07-22 16:47:35,overcast clouds,52.225,141.5131,54.68,89,100,13.62
571,Praxedis Guerrero,MX,2022-07-22 16:47:36,broken clouds,31.3667,-106.0167,88.93,32,79,1.7
572,Puntarenas,CR,2022-07-22 16:47:36,overcast clouds,9.9763,-84.8384,76.06,93,100,6.6
573,Heihe,CN,2022-07-22 16:47:36,scattered clouds,50.2441,127.4902,63.18,91,46,2.89
574,Leopold,AU,2022-07-22 16:47:37,overcast clouds,-38.1833,144.4667,53.22,79,100,8.05
575,Eyl,SO,2022-07-22 16:47:37,overcast clouds,7.9803,49.8164,77.94,78,99,26.33
576,Abha,SA,2022-07-22 16:47:37,few clouds,18.2164,42.5053,73.22,64,20,11.5
577,Zimovniki,RU,2022-07-22 16:47:38,light rain,47.1483,42.4633,68.59,69,55,7.38
578,Anadyr,RU,2022-07-22 16:47:38,light rain,64.75,177.4833,45.1,93,40,2.24
579,Artyom,AZ,2022-07-22 16:47:38,clear sky,40.4723,50.333,77.14,79,0,27.85
580,Khani,GE,2022-07-22 16:47:39,broken clouds,41.9563,42.9566,62.17,92,77,1.74
581,Hami,CN,2022-07-22 16:47:39,clear sky,42.8,93.45,83.53,17,0,2.73
582,Qinzhou,CN,2022-07-22 16:47:39,clear sky,21.95,108.6167,81.36,80,2,2.28
583,Sokolo,ML,2022-07-22 16:47:40,overcast clouds,14.7328,-6.1219,89.37,46,100,3.22
584,Kushalgarh,IN,2022-07-22 16:47:40,overcast clouds,23.199,74.4507,78.91,83,100,5.57
585,Jeremie,HT,2022-07-22 16:47:40,few clouds,18.65,-74.1167,87.22,66,16,8.66
586,Namtsy,RU,2022-07-22 16:47:41,light rain,62.7161,129.6658,61.02,93,93,3.47
587,Cap Malheureux,MU,2022-07-22 16:48:41,scattered clouds,-19.9842,57.6142,71.47,71,45,5.01
588,Progreso,MX,2022-07-22 16:48:41,scattered clouds,21.2833,-89.6667,92.1,58,31,10.92
589,Yagodnoye,RU,2022-07-22 16:48:42,broken clouds,62.55,149.6667,47.91,82,66,1.19
590,Charters Towers,AU,2022-07-22 16:48:42,clear sky,-20.1,146.2667,54.09,59,0,7.02
591,Salinas,US,2022-07-22 16:43:45,scattered clouds,36.6777,-121.6555,68.81,72,40,3.44
592,Tabou,CI,2022-07-22 16:48:42,scattered clouds,4.423,-7.3528,79.0,63,31,7.45
593,Senneterre,CA,2022-07-22 16:48:43,clear sky,48.3835,-77.2328,77.77,42,10,10.76
594,Rocha,UY,2022-07-22 16:48:43,broken clouds,-34.4833,-54.3333,63.57,71,71,2.17
595,Leeton,AU,2022-07-22 16:48:43,overcast clouds,-34.5667,146.4,46.89,87,93,7.34
596,Faya,SA,2022-07-22 16:48:44,scattered clouds,18.3851,42.4509,73.51,48,34,5.82
597,Zemio,CF,2022-07-22 16:48:44,moderate rain,5.0314,25.1361,69.89,96,88,3.74
598,Bathsheba,BB,2022-07-22 16:48:44,clear sky,13.2167,-59.5167,85.05,83,10,16.17
599,Tilichiki,RU,2022-07-22 16:48:45,overcast clouds,60.4667,166.1,50.97,81,100,2.24
600,Montepuez,MZ,2022-07-22 16:48:45,scattered clouds,-13.1256,38.9997,69.67,60,44,7.11
601,Bend,US,2022-07-22 16:46:23,clear sky,44.0582,-121.3153,73.33,35,0,4.61
602,Bafq,IR,2022-07-22 16:48:45,clear sky,31.6128,55.4107,97.38,8,0,11.79
603,Saryg-Sep,RU,2022-07-22 16:48:46,broken clouds,51.5,95.6,56.68,66,66,3.53
604,Nogliki,RU,2022-07-22 16:48:46,overcast clouds,51.8333,143.1667,51.84,93,100,7.63
605,Cabedelo,BR,2022-07-22 16:43:54,overcast clouds,-6.9811,-34.8339,79.27,77,89,17.07
606,Resplendor,BR,2022-07-22 16:48:46,clear sky,-19.3256,-41.2553,87.87,32,1,4.5
607,Cockburn Town,TC,2022-07-22 16:47:40,overcast clouds,21.4612,-71.1419,78.96,86,100,20.09
608,Mitchell,US,2022-07-22 16:48:47,clear sky,43.7094,-98.0298,92.93,26,0,11.1
609,Cefalu,IT,2022-07-22 16:48:47,clear sky,38.0386,14.0229,87.55,66,0,4.0
610,Ketchikan,US,2022-07-22 16:48:47,overcast clouds,55.3422,-131.6461,57.0,88,99,1.16
611,Celestun,MX,2022-07-22 16:48:48,scattered clouds,20.8667,-90.4,88.5,58,27,5.19
612,Hualmay,PE,2022-07-22 16:48:48,broken clouds,-11.0964,-77.6139,65.98,69,55,6.91
613,Saint-Augustin,CA,2022-07-22 16:48:48,overcast clouds,51.226,-58.6502,69.21,56,99,16.04
614,Edremit,TR,2022-07-22 16:48:49,clear sky,39.5961,27.0244,82.65,36,0,9.13
615,Sola,VU,2022-07-22 16:48:49,overcast clouds,-13.8833,167.55,80.17,79,99,14.63
616,Kazachinskoye,RU,2022-07-22 16:48:49,overcast clouds,57.6953,93.2761,58.62,98,92,4.65
617,Quatre Cocos,MU,2022-07-22 16:48:50,light rain,-20.2078,57.7625,71.1,76,46,17.31
618,Gawler,AU,2022-07-22 16:48:50,overcast clouds,-34.6,138.7333,58.48,76,100,8.19
619,Dumai,ID,2022-07-22 16:48:50,overcast clouds,1.6833,101.45,73.89,97,93,2.35
620,Tayu,ID,2022-07-22 16:48:51,broken clouds,-6.5397,111.0518,78.4,84,68,5.44
621,Nicoya,CR,2022-07-22 16:48:51,overcast clouds,10.1483,-85.452,75.06,93,100,2.8
622,Riyadh,SA,2022-07-22 16:47:07,overcast clouds,24.6877,46.7219,105.94,10,92,16.96
623,Mindelo,CV,2022-07-22 16:48:51,broken clouds,16.8901,-24.9804,80.15,61,75,5.75
624,Puerto Escondido,MX,2022-07-22 16:48:52,overcast clouds,15.85,-97.0667,84.85,70,98,6.06
625,Villarrica,PY,2022-07-22 16:48:52,overcast clouds,-25.75,-56.4333,85.91,36,85,7.65
626,Khandyga,RU,2022-07-22 16:48:52,light rain,62.6667,135.6,63.64,94,99,2.44
627,Verkhniy Baskunchak,RU,2022-07-22 16:48:53,scattered clouds,48.2256,46.7217,75.96,39,44,9.69
628,Juli,PE,2022-07-22 16:48:53,clear sky,-16.2167,-69.45,51.84,29,2,9.37
629,Natal,BR,2022-07-22 16:48:53,broken clouds,-5.795,-35.2094,86.22,66,75,19.57
630,Tazovskiy,RU,2022-07-22 16:48:54,overcast clouds,67.4667,78.7,47.62,76,100,6.49
631,Morden,CA,2022-07-22 16:48:54,few clouds,49.1919,-98.1014,79.09,57,15,13.15
632,Bantou,CN,2022-07-22 16:48:54,few clouds,26.2151,117.4893,80.92,69,19,2.3
633,Urubamba,PE,2022-07-22 16:48:55,clear sky,-13.3047,-72.1158,67.1,28,1,3.65
634,Rzhev,RU,2022-07-22 16:49:55,clear sky,56.2624,34.3282,68.72,67,9,4.23
635,Pincher Creek,CA,2022-07-22 16:45:04,broken clouds,49.4833,-113.952,64.89,60,64,8.21
636,Kijang,KR,2022-07-22 16:49:55,scattered clouds,35.2442,129.2139,74.93,91,49,3.4
637,Zhanaozen,KZ,2022-07-22 16:49:56,scattered clouds,43.3,52.8,81.48,46,27,29.06
638,Devonport,AU,2022-07-22 16:49:56,overcast clouds,-41.1667,146.35,54.99,81,100,12.35
639,Rapid Valley,US,2022-07-22 16:49:56,clear sky,44.0625,-103.1463,95.76,19,0,10.0
640,Wawa,NG,2022-07-22 16:47:02,light rain,9.9022,4.4192,82.33,70,87,2.33
641,Yaan,NG,2022-07-22 16:49:57,moderate rain,7.3833,8.5667,77.22,86,97,5.84
642,Khorixas,NA,2022-07-22 16:49:57,clear sky,-20.3667,14.9667,73.6,24,0,7.81
643,Koulikoro,ML,2022-07-22 16:49:57,overcast clouds,14.0,-7.75,87.82,50,98,6.24
644,Shache,CN,2022-07-22 16:49:58,clear sky,38.4167,77.2406,89.71,10,0,6.76
645,Karaidel,RU,2022-07-22 16:49:58,few clouds,55.8337,56.9069,60.1,89,18,3.0
646,Mahibadhoo,MV,2022-07-22 16:49:58,light rain,3.7833,72.9667,81.61,73,100,18.72
647,Sept-Iles,CA,2022-07-22 16:49:59,overcast clouds,50.2001,-66.3821,59.05,98,98,4.0
648,Yar-Sale,RU,2022-07-22 16:49:59,light rain,66.8333,70.8333,45.32,96,100,13.42
649,Saint-Pierre,RE,2022-07-22 16:49:59,few clouds,-21.3393,55.4781,69.48,68,20,5.75
650,Boueni,YT,2022-07-22 16:50:00,few clouds,-12.9025,45.0761,75.18,69,20,2.06
651,Matara,LK,2022-07-22 16:50:00,overcast clouds,5.9485,80.5353,78.89,85,100,13.6
652,Paracatu,BR,2022-07-22 16:50:00,clear sky,-17.2222,-46.8747,82.54,27,7,6.73
653,Skegness,GB,2022-07-22 16:50:01,overcast clouds,53.1436,0.3363,67.01,73,100,10.71
654,Betsiamites,CA,2022-07-22 16:50:01,broken clouds,48.9413,-68.646,69.85,62,72,9.04
655,Mogadishu,SO,2022-07-22 16:50:01,scattered clouds,2.0371,45.3438,75.97,81,47,17.96
656,Kilrush,IE,2022-07-22 16:48:49,overcast clouds,52.6397,-9.4833,69.55,74,96,5.59
657,Tysmenytsya,UA,2022-07-22 16:50:02,clear sky,48.9022,24.8448,84.67,36,4,9.55
658,Guerrero,MX,2022-07-22 16:47:05,overcast clouds,17.6667,-100.0,75.67,79,99,2.82
659,Pandrup,DK,2022-07-22 16:50:02,broken clouds,57.2215,9.6757,67.95,77,75,4.61
660,Kurumkan,RU,2022-07-22 16:50:03,light rain,54.3,110.3,66.88,85,100,5.55
661,Lata,PT,2022-07-22 16:50:03,clear sky,40.1629,-8.3327,86.49,45,10,9.33
662,Ismailia,EG,2022-07-22 16:50:03,clear sky,30.6043,32.2723,82.65,51,0,14.32
663,Moscow,RU,2022-07-22 16:46:44,overcast clouds,55.7522,37.6156,77.43,60,92,5.14
664,Liverpool,GB,2022-07-22 16:48:23,overcast clouds,53.4106,-2.9779,68.14,85,100,6.91
665,Thap Than,TH,2022-07-22 16:50:04,moderate rain,15.4606,99.8917,80.71,83,98,7.16
666,Miles City,US,2022-07-22 16:50:04,clear sky,46.4083,-105.8406,93.65,12,6,11.99
667,Ust-Maya,RU,2022-07-22 16:50:04,broken clouds,60.4167,134.5333,67.08,77,68,1.32
668,Cuamba,MZ,2022-07-22 16:50:05,broken clouds,-14.8031,36.5372,73.63,34,67,4.97
669,Tshela,CD,2022-07-22 16:50:05,scattered clouds,-4.9833,12.9333,77.95,56,50,7.65
670,Goryachegorsk,RU,2022-07-22 16:50:05,broken clouds,55.4053,88.9154,54.1,92,61,6.98
671,Trincomalee,LK,2022-07-22 16:50:06,light rain,8.5711,81.2335,80.8,79,100,19.75
672,Bako,ET,2022-07-22 16:50:06,overcast clouds,5.7833,36.5667,68.9,55,87,5.91
673,Zambezi,ZM,2022-07-22 16:50:06,scattered clouds,-13.5432,23.1047,69.35,35,46,6.76
674,Namatanai,PG,2022-07-22 16:50:07,overcast clouds,-3.6667,152.4333,78.76,82,98,6.17
675,Kamogata,JP,2022-07-22 16:50:07,clear sky,34.5333,133.5833,75.38,85,3,3.18
676,Kutum,SD,2022-07-22 16:49:03,few clouds,14.2,24.6667,87.4,28,11,7.65
677,Ust-Ishim,RU,2022-07-22 16:50:07,light rain,57.6935,71.1665,55.81,89,66,4.47
